respondent_id,mbti_label,IE01,IE02,IE03,IE04,NS01,NS02,NS03,NS04,TF01,TF02,TF03,TF04,JP01,JP02,JP03,JP04,ie_label,ns_label,tf_label,jp_label
SYN-INFJ-001,INFJ,3,2,5,5,4,2,1,3,3,4,3,2,2,1,4,3,I,N,F,J
SYN-INFJ-002,INFJ,3,1,4,1,3,3,5,1,3,4,2,5,4,2,5,1,I,N,F,J
SYN-INFJ-003,INFJ,5,1,3,4,4,1,4,3,1,4,1,4,3,1,1,4,I,N,F,J
SYN-INFJ-004,INFJ,3,3,5,2,4,1,5,3,3,2,4,2,3,1,4,2,I,N,F,J
SYN-INFJ-005,INFJ,5,1,4,5,4,2,2,4,4,4,2,5,3,1,5,5,I,N,F,J
SYN-INFJ-006,INFJ,3,1,4,4,4,5,5,1,5,2,3,2,2,2,4,1,I,N,F,J
SYN-INFJ-007,INFJ,4,3,4,3,5,2,1,2,4,4,3,2,3,2,5,2,I,N,F,J
SYN-INFJ-008,INFJ,4,4,4,2,4,3,3,3,1,2,3,1,3,1,4,3,I,N,F,J
SYN-INFJ-009,INFJ,4,1,3,1,4,5,5,1,5,5,3,5,3,2,3,2,I,N,F,J
SYN-INFJ-010,INFJ,4,2,3,3,4,3,5,3,1,4,4,2,2,4,5,4,I,N,F,J
SYN-INFJ-011,INFJ,2,3,3,2,3,4,4,4,3,1,2,5,3,1,5,2,I,N,F,J
SYN-INFJ-012,INFJ,5,2,2,4,2,2,5,1,2,3,5,5,4,5,3,3,I,N,F,J
SYN-INFJ-013,INFJ,1,5,4,4,5,1,5,3,1,2,3,1,4,2,4,1,I,N,F,J
SYN-INFJ-014,INFJ,3,1,3,4,2,4,3,3,3,4,1,2,4,2,2,1,I,N,F,J
SYN-INFJ-015,INFJ,3,2,4,3,4,2,4,2,2,4,3,5,2,2,5,1,I,N,F,J
SYN-INFJ-016,INFJ,3,2,3,3,3,2,4,3,1,5,3,4,3,2,5,1,I,N,F,J
SYN-INFJ-017,INFJ,2,2,4,1,4,3,2,2,3,5,2,5,4,1,2,4,I,N,F,J
SYN-INFJ-018,INFJ,5,2,4,1,4,2,5,4,1,4,2,5,4,2,2,1,I,N,F,J
SYN-INFJ-019,INFJ,5,2,5,1,2,2,2,1,3,5,4,3,4,3,4,4,I,N,F,J
SYN-INFJ-020,INFJ,3,5,4,2,2,4,3,2,1,2,3,4,4,2,1,4,I,N,F,J
SYN-INFJ-021,INFJ,3,2,5,5,3,1,5,2,2,5,2,5,2,5,5,1,I,N,F,J
SYN-INFJ-022,INFJ,2,4,2,2,2,2,1,2,2,2,2,5,3,1,3,2,I,N,F,J
SYN-INFJ-023,INFJ,1,1,1,1,3,1,5,2,2,4,4,3,5,2,4,1,I,N,F,J
SYN-INFJ-024,INFJ,4,1,4,4,4,4,3,1,2,5,2,2,4,2,3,4,I,N,F,J
SYN-INFJ-025,INFJ,4,2,4,4,4,2,2,5,1,5,4,3,4,4,4,3,I,N,F,J
SYN-INFJ-026,INFJ,2,1,4,1,3,2,4,2,5,3,2,2,3,2,5,4,I,N,F,J
SYN-INFJ-027,INFJ,3,1,2,2,5,4,3,4,2,1,3,4,4,3,3,1,I,N,F,J
SYN-INFJ-028,INFJ,1,5,5,1,3,3,2,2,4,5,3,4,2,2,3,5,I,N,F,J
SYN-INFJ-029,INFJ,2,4,3,1,5,3,5,2,2,4,3,5,3,2,2,2,I,N,F,J
SYN-INFJ-030,INFJ,3,3,4,3,3,3,5,1,2,4,2,5,4,2,5,2,I,N,F,J
SYN-INFJ-031,INFJ,2,1,4,1,4,2,4,1,1,2,3,5,5,2,4,1,I,N,F,J
SYN-INFJ-032,INFJ,5,4,3,3,5,3,5,3,1,4,5,3,5,1,4,4,I,N,F,J
SYN-INFJ-033,INFJ,3,4,3,1,2,1,4,5,2,4,2,4,2,3,2,2,I,N,F,J
SYN-INFJ-034,INFJ,5,3,5,2,4,1,3,1,2,1,1,4,4,1,2,2,I,N,F,J
SYN-INFJ-035,INFJ,4,4,2,1,5,2,5,1,4,2,1,3,5,3,4,1,I,N,F,J
SYN-INFJ-036,INFJ,1,3,4,2,2,3,3,4,2,2,4,3,4,1,2,4,I,N,F,J
SYN-INFJ-037,INFJ,3,4,1,4,2,4,2,3,4,4,3,3,3,3,4,1,I,N,F,J
SYN-INFJ-038,INFJ,3,2,4,3,4,2,4,3,5,3,3,3,5,2,4,1,I,N,F,J
SYN-INFJ-039,INFJ,5,1,4,2,4,1,5,4,3,4,1,5,5,2,2,3,I,N,F,J
SYN-INFJ-040,INFJ,4,2,4,1,2,2,4,3,3,4,1,3,4,3,5,1,I,N,F,J
SYN-INFJ-041,INFJ,4,2,4,4,4,4,4,1,2,3,3,1,2,4,4,5,I,N,F,J
SYN-INFJ-042,INFJ,5,2,4,4,3,2,3,1,4,3,1,5,1,1,3,1,I,N,F,J
SYN-INFJ-043,INFJ,3,3,3,3,3,2,5,2,2,5,3,3,4,2,1,2,I,N,F,J
SYN-INFJ-044,INFJ,3,3,2,5,4,3,4,3,3,5,2,4,3,3,2,5,I,N,F,J
SYN-INFJ-045,INFJ,2,4,3,1,3,2,4,1,1,4,3,3,5,1,4,1,I,N,F,J
SYN-INFJ-046,INFJ,3,2,3,3,5,3,3,3,2,3,1,4,5,4,5,2,I,N,F,J
SYN-INFJ-047,INFJ,4,2,3,1,1,1,2,3,1,3,4,3,3,2,3,5,I,N,F,J
SYN-INFJ-048,INFJ,5,3,3,3,5,3,4,3,1,5,1,4,2,3,3,1,I,N,F,J
SYN-INFJ-049,INFJ,5,2,2,1,5,1,2,5,3,5,3,4,4,2,2,1,I,N,F,J
SYN-INFJ-050,INFJ,5,4,2,3,4,4,5,4,2,5,2,5,5,3,4,3,I,N,F,J
SYN-INFJ-051,INFJ,2,1,3,2,4,4,4,4,1,5,3,4,4,1,2,3,I,N,F,J
SYN-INFJ-052,INFJ,1,1,1,5,2,3,4,3,3,4,4,4,3,3,2,1,I,N,F,J
SYN-INFJ-053,INFJ,5,2,4,2,4,3,3,2,3,3,3,4,5,3,4,3,I,N,F,J
SYN-INFJ-054,INFJ,5,3,2,4,3,3,3,2,3,4,3,3,4,1,3,2,I,N,F,J
SYN-INFJ-055,INFJ,2,3,5,4,3,4,5,3,2,4,3,4,1,1,2,4,I,N,F,J
SYN-INFJ-056,INFJ,2,3,4,1,4,3,5,5,3,4,2,5,2,1,3,3,I,N,F,J
SYN-INFJ-057,INFJ,5,3,1,1,4,4,5,3,4,2,3,1,5,3,4,2,I,N,F,J
SYN-INFJ-058,INFJ,4,2,4,4,5,3,3,4,3,3,3,1,4,3,3,2,I,N,F,J
SYN-INFJ-059,INFJ,5,2,2,1,3,3,4,2,3,2,1,3,4,2,1,2,I,N,F,J
SYN-INFJ-060,INFJ,4,1,4,3,2,2,4,1,3,2,2,1,4,1,5,4,I,N,F,J
SYN-INFJ-061,INFJ,4,2,3,2,3,4,3,3,3,1,2,5,2,1,3,3,I,N,F,J
SYN-INFJ-062,INFJ,4,4,5,1,4,2,2,2,4,1,2,3,5,2,4,2,I,N,F,J
SYN-INFJ-063,INFJ,4,5,5,5,4,1,4,3,1,4,2,3,2,3,4,2,I,N,F,J
SYN-INFJ-064,INFJ,4,3,3,5,3,3,4,2,1,1,4,2,5,1,4,2,I,N,F,J
SYN-INFJ-065,INFJ,1,3,4,4,3,5,4,3,3,3,3,1,3,2,4,4,I,N,F,J
SYN-INFJ-066,INFJ,4,2,3,2,4,4,5,1,1,4,1,5,2,3,1,4,I,N,F,J
SYN-INFJ-067,INFJ,5,3,3,5,3,4,4,1,1,4,4,5,4,2,2,4,I,N,F,J
SYN-INFJ-068,INFJ,3,5,5,1,3,4,3,1,3,2,2,2,1,3,3,2,I,N,F,J
SYN-INFJ-069,INFJ,2,4,3,2,5,1,5,1,2,4,2,1,3,1,4,3,I,N,F,J
SYN-INFJ-070,INFJ,2,1,5,1,2,1,4,4,3,3,4,5,4,2,4,2,I,N,F,J
SYN-INFJ-071,INFJ,1,1,5,3,4,3,5,3,2,1,2,5,4,1,4,2,I,N,F,J
SYN-INFJ-072,INFJ,2,5,4,3,2,2,3,3,2,3,2,4,5,2,3,1,I,N,F,J
SYN-INFJ-073,INFJ,5,1,4,4,4,4,3,3,2,2,4,5,4,5,3,2,I,N,F,J
SYN-INFJ-074,INFJ,3,3,5,1,4,3,4,1,1,3,2,4,5,1,3,2,I,N,F,J
SYN-INFJ-075,INFJ,3,5,2,2,4,3,3,4,3,5,3,4,4,3,3,1,I,N,F,J
SYN-INFJ-076,INFJ,5,3,2,3,5,4,1,3,1,4,2,1,4,1,5,3,I,N,F,J
SYN-INFJ-077,INFJ,5,5,4,2,1,2,4,2,2,5,2,5,5,2,5,3,I,N,F,J
SYN-INFJ-078,INFJ,2,4,5,2,5,1,4,2,2,4,2,5,4,4,3,3,I,N,F,J
SYN-INFJ-079,INFJ,5,5,5,4,4,2,3,2,1,5,2,3,2,2,3,3,I,N,F,J
SYN-INFJ-080,INFJ,4,1,3,2,4,2,5,3,2,5,1,3,2,4,5,4,I,N,F,J
SYN-ENTP-001,ENTP,4,2,2,2,2,1,5,4,1,2,4,1,3,3,4,3,E,N,T,P
SYN-ENTP-002,ENTP,2,4,2,4,4,5,1,2,4,1,2,3,3,2,5,5,E,N,T,P
SYN-ENTP-003,ENTP,1,4,2,5,3,4,5,2,2,3,3,2,4,4,2,4,E,N,T,P
SYN-ENTP-004,ENTP,1,4,4,4,4,1,2,1,1,3,5,1,1,4,5,5,E,N,T,P
SYN-ENTP-005,ENTP,2,5,1,4,5,2,4,5,2,1,4,4,3,5,2,4,E,N,T,P
SYN-ENTP-006,ENTP,3,3,1,5,3,2,1,4,2,2,3,1,1,2,2,2,E,N,T,P
SYN-ENTP-007,ENTP,3,2,4,4,5,3,3,1,3,3,5,3,3,3,1,2,E,N,T,P
SYN-ENTP-008,ENTP,4,4,2,2,3,2,4,4,5,2,3,1,1,3,5,3,E,N,T,P
SYN-ENTP-009,ENTP,2,5,3,4,5,1,5,1,4,1,4,2,2,4,3,3,E,N,T,P
SYN-ENTP-010,ENTP,3,5,5,2,1,3,5,2,5,2,5,1,1,5,1,5,E,N,T,P
SYN-ENTP-011,ENTP,2,3,4,3,4,3,3,2,3,1,4,1,1,1,3,5,E,N,T,P
SYN-ENTP-012,ENTP,1,5,1,5,4,3,2,4,3,4,5,5,1,2,3,5,E,N,T,P
SYN-ENTP-013,ENTP,1,5,5,3,3,2,2,4,3,2,4,1,2,1,4,4,E,N,T,P
SYN-ENTP-014,ENTP,3,2,1,2,5,3,2,1,4,3,5,1,1,5,2,5,E,N,T,P
SYN-ENTP-015,ENTP,1,4,2,5,3,1,2,3,3,3,5,1,3,4,4,1,E,N,T,P
SYN-ENTP-016,ENTP,1,4,3,4,4,2,4,1,5,2,5,1,3,5,1,4,E,N,T,P
SYN-ENTP-017,ENTP,1,4,3,5,2,3,5,2,5,2,4,2,3,5,3,3,E,N,T,P
SYN-ENTP-018,ENTP,2,4,2,4,4,1,3,3,2,4,3,2,5,5,4,4,E,N,T,P
SYN-ENTP-019,ENTP,2,2,1,4,2,3,4,1,4,4,3,3,1,4,3,2,E,N,T,P
SYN-ENTP-020,ENTP,2,3,2,2,4,4,3,2,4,2,3,1,3,1,3,4,E,N,T,P
SYN-ENTP-021,ENTP,4,5,1,4,5,3,3,2,4,2,4,3,3,5,2,4,E,N,T,P
SYN-ENTP-022,ENTP,2,3,1,5,5,4,4,2,4,3,4,2,4,5,3,3,E,N,T,P
SYN-ENTP-023,ENTP,5,3,2,1,2,4,3,3,5,2,5,1,1,5,1,4,E,N,T,P
SYN-ENTP-024,ENTP,4,4,4,4,5,4,2,3,3,2,5,2,2,4,4,3,E,N,T,P
SYN-ENTP-025,ENTP,2,5,1,2,5,2,3,1,3,1,4,2,2,4,2,5,E,N,T,P
SYN-ENTP-026,ENTP,3,4,3,4,4,1,5,1,3,5,5,5,2,3,2,2,E,N,T,P
SYN-ENTP-027,ENTP,4,2,5,3,3,3,3,2,3,1,2,3,4,2,2,2,E,N,T,P
SYN-ENTP-028,ENTP,2,3,3,2,2,1,3,3,5,3,5,3,3,4,4,3,E,N,T,P
SYN-ENTP-029,ENTP,3,5,4,5,1,3,5,1,4,4,3,1,3,3,2,2,E,N,T,P
SYN-ENTP-030,ENTP,1,5,2,3,4,2,5,2,2,3,5,5,2,3,2,2,E,N,T,P
SYN-ENTP-031,ENTP,1,2,1,2,1,4,4,2,4,2,4,3,3,4,2,3,E,N,T,P
SYN-ENTP-032,ENTP,2,4,4,4,4,3,4,1,4,2,3,2,3,2,2,2,E,N,T,P
SYN-ENTP-033,ENTP,2,1,1,4,4,1,5,1,4,4,3,4,2,4,1,3,E,N,T,P
SYN-ENTP-034,ENTP,3,4,2,3,5,2,4,4,4,3,4,1,2,4,3,2,E,N,T,P
SYN-ENTP-035,ENTP,1,4,2,1,4,3,1,4,5,4,4,1,2,2,3,1,E,N,T,P
SYN-ENTP-036,ENTP,3,4,2,4,3,1,3,2,2,4,2,1,2,3,2,3,E,N,T,P
SYN-ENTP-037,ENTP,5,3,1,4,4,5,4,1,5,4,4,3,3,4,1,3,E,N,T,P
SYN-ENTP-038,ENTP,2,1,2,5,4,4,4,2,5,3,3,4,2,4,4,1,E,N,T,P
SYN-ENTP-039,ENTP,2,4,1,3,3,4,1,2,5,1,3,2,2,5,2,3,E,N,T,P
SYN-ENTP-040,ENTP,2,3,4,5,5,2,4,4,3,2,4,3,2,4,1,4,E,N,T,P
SYN-ENTP-041,ENTP,1,2,2,4,3,1,4,4,3,2,3,5,2,3,4,4,E,N,T,P
SYN-ENTP-042,ENTP,3,5,3,5,5,4,2,1,5,5,1,1,4,4,1,5,E,N,T,P
SYN-ENTP-043,ENTP,1,4,1,4,3,1,5,1,3,3,2,3,2,4,3,1,E,N,T,P
SYN-ENTP-044,ENTP,4,1,1,5,1,1,4,3,4,2,4,3,3,5,5,2,E,N,T,P
SYN-ENTP-045,ENTP,1,5,5,2,4,1,2,1,4,2,4,2,2,3,1,4,E,N,T,P
SYN-ENTP-046,ENTP,1,4,4,5,1,1,3,4,2,1,4,3,1,2,2,3,E,N,T,P
SYN-ENTP-047,ENTP,2,3,1,2,3,2,4,1,2,5,3,3,2,5,3,3,E,N,T,P
SYN-ENTP-048,ENTP,5,5,4,3,3,4,3,2,4,1,3,2,4,3,1,2,E,N,T,P
SYN-ENTP-049,ENTP,1,2,2,3,2,1,2,2,4,2,3,2,1,2,2,4,E,N,T,P
SYN-ENTP-050,ENTP,4,3,2,3,3,2,5,1,5,2,4,4,5,4,2,4,E,N,T,P
SYN-ENTP-051,ENTP,2,1,2,5,4,4,5,2,3,2,3,3,4,4,3,4,E,N,T,P
SYN-ENTP-052,ENTP,4,3,2,4,1,3,4,2,2,4,5,2,2,1,3,2,E,N,T,P
SYN-ENTP-053,ENTP,4,4,3,3,2,4,4,2,4,3,2,2,3,5,4,5,E,N,T,P
SYN-ENTP-054,ENTP,3,5,1,5,5,4,2,1,5,5,3,2,2,3,4,4,E,N,T,P
SYN-ENTP-055,ENTP,2,3,4,4,1,3,1,3,5,1,5,4,3,5,1,4,E,N,T,P
SYN-ENTP-056,ENTP,1,4,4,5,1,4,4,1,2,1,4,4,3,4,1,4,E,N,T,P
SYN-ENTP-057,ENTP,2,4,3,5,2,2,3,2,4,3,3,3,1,2,2,5,E,N,T,P
SYN-ENTP-058,ENTP,2,4,2,4,3,3,3,3,3,2,3,2,1,5,2,3,E,N,T,P
SYN-ENTP-059,ENTP,2,4,3,4,4,1,3,3,1,4,3,4,4,3,1,3,E,N,T,P
SYN-ENTP-060,ENTP,1,2,2,5,4,2,2,4,4,2,4,2,1,3,3,5,E,N,T,P
SYN-ENTP-061,ENTP,5,5,1,1,4,4,4,1,5,1,3,4,2,2,3,4,E,N,T,P
SYN-ENTP-062,ENTP,2,3,2,4,3,2,2,2,5,3,2,4,2,3,5,5,E,N,T,P
SYN-ENTP-063,ENTP,3,1,2,2,5,2,5,3,3,3,5,2,3,4,3,5,E,N,T,P
SYN-ENTP-064,ENTP,3,3,4,2,2,4,4,5,2,1,3,2,2,1,1,4,E,N,T,P
SYN-ENTP-065,ENTP,2,4,2,4,2,2,3,3,1,2,4,1,4,4,3,3,E,N,T,P
SYN-ENTP-066,ENTP,2,3,5,3,4,2,5,3,3,2,4,1,1,3,1,5,E,N,T,P
SYN-ENTP-067,ENTP,2,5,5,5,2,3,3,4,3,1,1,2,2,2,3,4,E,N,T,P
SYN-ENTP-068,ENTP,5,3,2,4,5,2,4,3,4,5,5,4,2,4,2,4,E,N,T,P
SYN-ENTP-069,ENTP,4,3,4,4,4,3,4,1,3,1,2,1,3,4,2,3,E,N,T,P
SYN-ENTP-070,ENTP,5,3,2,4,4,1,3,4,4,2,4,1,1,3,1,3,E,N,T,P
SYN-ENTP-071,ENTP,3,4,1,5,4,3,2,3,2,3,5,1,1,2,2,3,E,N,T,P
SYN-ENTP-072,ENTP,1,2,3,2,1,1,2,1,4,3,3,1,2,4,3,5,E,N,T,P
SYN-ENTP-073,ENTP,2,5,3,5,4,1,5,2,4,4,5,3,3,3,3,4,E,N,T,P
SYN-ENTP-074,ENTP,3,4,2,4,1,4,5,1,3,5,4,2,1,4,2,5,E,N,T,P
SYN-ENTP-075,ENTP,5,5,1,2,5,3,3,1,5,2,4,4,3,4,1,5,E,N,T,P
SYN-ENTP-076,ENTP,4,4,4,4,5,4,5,3,4,4,4,5,4,3,1,5,E,N,T,P
SYN-ENTP-077,ENTP,2,5,2,4,3,3,3,2,3,1,4,2,1,5,1,4,E,N,T,P
SYN-ENTP-078,ENTP,4,4,4,5,4,1,5,2,5,3,5,2,1,4,5,3,E,N,T,P
SYN-ENTP-079,ENTP,4,4,3,2,4,5,2,5,2,2,5,1,4,5,1,5,E,N,T,P
SYN-ENTP-080,ENTP,2,5,4,1,4,4,3,4,3,3,2,4,1,4,1,3,E,N,T,P
SYN-INTP-001,INTP,5,2,5,2,3,1,5,4,5,3,1,2,2,3,5,5,I,N,T,P
SYN-INTP-002,INTP,3,5,4,1,3,1,5,3,3,3,4,4,2,5,2,2,I,N,T,P
SYN-INTP-003,INTP,4,2,4,1,3,4,4,3,4,2,5,3,3,4,3,5,I,N,T,P
SYN-INTP-004,INTP,2,3,4,2,4,3,3,5,5,2,3,4,4,2,3,2,I,N,T,P
SYN-INTP-005,INTP,5,3,5,5,4,4,3,3,2,2,5,4,3,2,5,5,I,N,T,P
SYN-INTP-006,INTP,1,2,5,3,5,3,5,1,2,1,5,3,2,1,4,4,I,N,T,P
SYN-INTP-007,INTP,4,4,3,3,2,4,5,4,2,4,2,2,4,4,2,3,I,N,T,P
SYN-INTP-008,INTP,1,1,4,1,2,1,5,2,4,5,5,3,4,4,2,4,I,N,T,P
SYN-INTP-009,INTP,4,3,4,1,2,2,5,2,4,2,3,1,3,5,2,4,I,N,T,P
SYN-INTP-010,INTP,3,2,3,2,3,5,3,4,4,1,4,2,2,3,1,3,I,N,T,P
SYN-INTP-011,INTP,3,1,4,3,4,2,1,2,5,3,2,2,1,2,3,5,I,N,T,P
SYN-INTP-012,INTP,4,4,2,2,5,2,4,2,5,5,2,2,1,3,3,5,I,N,T,P
SYN-INTP-013,INTP,2,2,2,3,4,3,4,4,1,4,3,3,2,4,2,4,I,N,T,P
SYN-INTP-014,INTP,4,2,4,3,5,2,2,3,4,2,5,3,2,4,4,1,I,N,T,P
SYN-INTP-015,INTP,4,1,2,1,5,4,5,1,3,2,2,4,2,4,1,5,I,N,T,P
SYN-INTP-016,INTP,2,2,2,2,2,2,1,4,3,4,1,1,1,4,1,3,I,N,T,P
SYN-INTP-017,INTP,1,1,5,1,1,3,5,3,3,3,3,2,3,2,2,3,I,N,T,P
SYN-INTP-018,INTP,2,4,2,2,2,1,4,2,3,2,4,1,3,4,3,3,I,N,T,P
SYN-INTP-019,INTP,3,1,2,1,4,2,4,4,4,4,4,2,2,3,2,5,I,N,T,P
SYN-INTP-020,INTP,4,3,5,3,2,2,5,1,4,1,1,5,4,3,3,3,I,N,T,P
SYN-INTP-021,INTP,4,5,4,1,3,4,4,3,3,2,3,1,1,4,2,5,I,N,T,P
SYN-INTP-022,INTP,1,5,3,2,4,1,4,3,2,2,4,3,1,5,2,4,I,N,T,P
SYN-INTP-023,INTP,5,4,5,3,3,5,4,1,3,1,3,3,3,4,4,3,I,N,T,P
SYN-INTP-024,INTP,3,3,4,2,3,2,4,2,5,2,3,3,5,5,3,4,I,N,T,P
SYN-INTP-025,INTP,3,2,4,2,2,2,5,2,5,2,4,2,3,3,1,1,I,N,T,P
SYN-INTP-026,INTP,4,3,2,2,3,4,2,4,4,2,3,2,2,4,3,1,I,N,T,P
SYN-INTP-027,INTP,4,2,2,4,5,2,1,4,1,3,2,2,4,4,2,1,I,N,T,P
SYN-INTP-028,INTP,5,1,4,4,4,3,2,3,4,1,4,4,2,4,3,3,I,N,T,P
SYN-INTP-029,INTP,4,4,3,2,4,2,1,3,4,3,5,2,2,3,1,5,I,N,T,P
SYN-INTP-030,INTP,4,1,2,1,4,2,5,1,3,3,3,5,2,3,1,5,I,N,T,P
SYN-INTP-031,INTP,4,4,4,2,4,3,5,2,3,3,5,4,3,5,1,5,I,N,T,P
SYN-INTP-032,INTP,2,2,2,1,4,1,1,1,3,1,4,2,3,4,3,5,I,N,T,P
SYN-INTP-033,INTP,1,2,2,1,2,4,3,3,3,2,5,1,3,5,3,5,I,N,T,P
SYN-INTP-034,INTP,4,2,5,1,2,4,4,3,4,2,2,4,1,4,2,3,I,N,T,P
SYN-INTP-035,INTP,3,2,4,1,4,3,4,3,2,1,4,2,2,2,3,2,I,N,T,P
SYN-INTP-036,INTP,5,1,3,1,4,3,2,2,5,2,3,1,3,5,2,5,I,N,T,P
SYN-INTP-037,INTP,5,2,3,2,3,3,2,3,5,2,3,3,1,4,1,4,I,N,T,P
SYN-INTP-038,INTP,5,4,1,2,1,1,4,1,2,2,4,1,5,2,4,4,I,N,T,P
SYN-INTP-039,INTP,4,4,1,3,5,1,2,3,1,1,3,4,1,4,2,2,I,N,T,P
SYN-INTP-040,INTP,5,1,3,3,5,4,4,2,2,1,3,1,2,4,3,3,I,N,T,P
SYN-INTP-041,INTP,5,2,4,3,3,3,3,2,3,1,3,4,3,4,2,5,I,N,T,P
SYN-INTP-042,INTP,4,2,3,3,4,4,4,3,3,4,5,1,1,3,2,5,I,N,T,P
SYN-INTP-043,INTP,2,3,3,2,4,5,1,1,4,3,5,3,4,4,2,5,I,N,T,P
SYN-INTP-044,INTP,1,4,2,3,4,1,5,2,2,2,3,4,3,1,4,4,I,N,T,P
SYN-INTP-045,INTP,3,3,4,2,3,5,1,2,5,3,2,2,2,2,2,3,I,N,T,P
SYN-INTP-046,INTP,5,5,5,3,2,3,5,4,1,5,4,1,1,5,2,4,I,N,T,P
SYN-INTP-047,INTP,4,1,4,5,3,2,5,2,3,4,2,1,1,5,3,3,I,N,T,P
SYN-INTP-048,INTP,4,4,4,3,3,2,4,2,3,2,2,2,1,5,4,5,I,N,T,P
SYN-INTP-049,INTP,3,2,3,4,4,3,5,1,3,1,3,2,2,4,3,4,I,N,T,P
SYN-INTP-050,INTP,3,3,4,2,2,4,3,1,3,3,4,3,4,5,1,5,I,N,T,P
SYN-INTP-051,INTP,4,2,4,2,5,2,2,2,5,4,2,1,2,1,3,2,I,N,T,P
SYN-INTP-052,INTP,5,2,3,2,4,1,5,3,4,2,2,1,3,3,1,3,I,N,T,P
SYN-INTP-053,INTP,2,2,5,4,3,4,3,3,2,3,4,2,4,4,2,2,I,N,T,P
SYN-INTP-054,INTP,3,3,2,2,5,1,2,1,1,2,5,2,1,3,4,3,I,N,T,P
SYN-INTP-055,INTP,3,2,2,1,1,4,5,2,5,4,4,2,3,1,1,4,I,N,T,P
SYN-INTP-056,INTP,4,1,5,1,3,1,3,2,5,3,3,1,2,3,2,4,I,N,T,P
SYN-INTP-057,INTP,5,5,4,2,2,5,3,3,3,2,4,2,5,3,1,5,I,N,T,P
SYN-INTP-058,INTP,5,3,2,4,2,2,4,1,5,4,4,3,4,4,2,2,I,N,T,P
SYN-INTP-059,INTP,1,4,5,1,2,4,4,3,2,4,3,2,1,3,3,5,I,N,T,P
SYN-INTP-060,INTP,5,5,2,2,5,5,5,5,5,2,3,4,4,4,2,3,I,N,T,P
SYN-INTP-061,INTP,5,2,4,2,2,4,5,3,2,2,4,3,2,1,1,5,I,N,T,P
SYN-INTP-062,INTP,5,4,4,4,4,2,2,1,2,3,3,2,3,5,1,4,I,N,T,P
SYN-INTP-063,INTP,2,2,5,4,3,2,4,2,4,2,5,1,5,2,2,4,I,N,T,P
SYN-INTP-064,INTP,2,2,3,2,3,2,3,3,3,1,3,5,5,4,2,2,I,N,T,P
SYN-INTP-065,INTP,3,1,1,2,4,3,5,3,5,4,3,3,1,3,4,5,I,N,T,P
SYN-INTP-066,INTP,4,4,4,1,3,1,3,2,2,3,5,5,3,3,4,5,I,N,T,P
SYN-INTP-067,INTP,4,1,5,5,4,2,4,2,4,3,3,3,1,5,3,5,I,N,T,P
SYN-INTP-068,INTP,4,3,1,1,3,1,4,3,5,1,4,3,3,4,1,5,I,N,T,P
SYN-INTP-069,INTP,2,2,2,2,2,2,4,1,4,4,2,2,4,3,2,2,I,N,T,P
SYN-INTP-070,INTP,4,2,3,4,5,4,2,4,4,2,4,1,4,2,3,4,I,N,T,P
SYN-INTP-071,INTP,4,2,2,2,4,3,5,3,5,1,3,3,3,3,1,4,I,N,T,P
SYN-INTP-072,INTP,5,4,5,2,5,1,5,4,3,3,2,2,4,3,1,5,I,N,T,P
SYN-INTP-073,INTP,4,3,4,3,3,3,2,2,3,3,5,2,2,5,2,4,I,N,T,P
SYN-INTP-074,INTP,4,4,3,3,5,4,4,4,5,3,1,2,1,5,2,4,I,N,T,P
SYN-INTP-075,INTP,4,4,5,3,5,5,5,5,5,4,4,2,3,2,1,5,I,N,T,P
SYN-INTP-076,INTP,4,1,5,2,4,3,3,4,4,5,5,3,2,5,2,3,I,N,T,P
SYN-INTP-077,INTP,3,1,5,1,2,4,5,1,3,1,1,3,3,4,2,2,I,N,T,P
SYN-INTP-078,INTP,2,2,5,2,4,4,5,3,5,1,4,1,2,3,2,4,I,N,T,P
SYN-INTP-079,INTP,4,1,2,4,3,2,1,2,3,5,5,3,3,3,1,3,I,N,T,P
SYN-INTP-080,INTP,1,2,2,2,3,3,4,3,4,4,5,5,4,4,2,3,I,N,T,P
SYN-INTJ-001,INTJ,4,2,3,2,1,3,5,2,3,3,3,3,4,3,1,2,I,N,T,J
SYN-INTJ-002,INTJ,4,1,3,2,5,1,1,4,1,1,3,3,4,1,1,2,I,N,T,J
SYN-INTJ-003,INTJ,5,3,3,5,3,4,2,2,2,2,4,1,5,4,4,2,I,N,T,J
SYN-INTJ-004,INTJ,5,2,4,2,2,2,4,2,2,3,5,3,4,3,3,1,I,N,T,J
SYN-INTJ-005,INTJ,2,2,5,3,4,4,4,1,4,2,5,4,4,1,4,5,I,N,T,J
SYN-INTJ-006,INTJ,5,1,2,4,4,3,5,3,1,2,5,2,3,3,2,1,I,N,T,J
SYN-INTJ-007,INTJ,2,1,5,3,4,5,3,1,2,3,5,2,4,5,3,2,I,N,T,J
SYN-INTJ-008,INTJ,3,4,4,1,3,3,5,1,2,2,3,1,4,2,4,3,I,N,T,J
SYN-INTJ-009,INTJ,1,1,4,5,3,2,3,4,5,5,2,4,4,2,2,1,I,N,T,J
SYN-INTJ-010,INTJ,4,3,2,4,2,2,4,2,2,3,3,4,4,2,4,1,I,N,T,J
SYN-INTJ-011,INTJ,4,2,2,2,4,4,4,2,3,4,2,3,3,2,1,4,I,N,T,J
SYN-INTJ-012,INTJ,4,2,1,2,1,3,2,3,4,3,5,3,1,1,5,5,I,N,T,J
SYN-INTJ-013,INTJ,2,2,1,1,3,1,4,2,2,1,4,3,4,3,5,5,I,N,T,J
SYN-INTJ-014,INTJ,3,1,4,2,3,3,2,3,4,4,5,2,2,5,3,1,I,N,T,J
SYN-INTJ-015,INTJ,3,4,2,4,5,3,5,2,2,4,3,3,5,4,3,3,I,N,T,J
SYN-INTJ-016,INTJ,4,2,3,4,5,4,5,3,3,4,5,3,4,4,5,3,I,N,T,J
SYN-INTJ-017,INTJ,2,2,3,4,2,1,4,3,5,2,2,1,3,1,5,2,I,N,T,J
SYN-INTJ-018,INTJ,2,2,1,4,3,4,4,1,2,2,2,1,4,1,3,1,I,N,T,J
SYN-INTJ-019,INTJ,1,3,3,4,3,2,4,3,1,3,4,3,2,3,3,3,I,N,T,J
SYN-INTJ-020,INTJ,5,2,4,4,1,1,4,2,3,2,5,3,4,2,3,2,I,N,T,J
SYN-INTJ-021,INTJ,2,1,2,2,4,2,5,3,4,2,5,1,2,4,4,4,I,N,T,J
SYN-INTJ-022,INTJ,2,2,4,1,5,3,4,2,5,2,4,2,1,2,5,2,I,N,T,J
SYN-INTJ-023,INTJ,2,1,3,2,5,2,2,2,4,4,2,3,3,3,2,2,I,N,T,J
SYN-INTJ-024,INTJ,4,3,5,1,2,3,3,1,5,2,2,1,4,4,3,2,I,N,T,J
SYN-INTJ-025,INTJ,3,2,5,2,4,3,3,2,2,4,5,1,4,2,2,4,I,N,T,J
SYN-INTJ-026,INTJ,5,4,3,3,2,2,3,2,2,1,4,2,3,2,4,3,I,N,T,J
SYN-INTJ-027,INTJ,5,2,4,3,5,4,4,3,4,2,4,2,5,2,3,2,I,N,T,J
SYN-INTJ-028,INTJ,4,2,2,1,5,1,5,2,5,3,3,5,3,5,3,5,I,N,T,J
SYN-INTJ-029,INTJ,4,2,3,3,5,3,3,2,2,3,5,1,5,1,4,5,I,N,T,J
SYN-INTJ-030,INTJ,3,1,3,4,4,2,2,2,2,4,1,1,2,2,4,3,I,N,T,J
SYN-INTJ-031,INTJ,4,1,1,4,2,3,4,2,2,2,4,3,1,1,2,3,I,N,T,J
SYN-INTJ-032,INTJ,5,3,2,3,4,4,4,3,5,2,4,2,4,1,2,1,I,N,T,J
SYN-INTJ-033,INTJ,4,2,5,5,4,3,4,1,5,3,4,3,4,1,1,3,I,N,T,J
SYN-INTJ-034,INTJ,5,2,3,3,3,3,5,1,3,1,4,3,3,4,5,3,I,N,T,J
SYN-INTJ-035,INTJ,3,2,5,3,2,1,5,1,3,1,1,1,5,2,5,2,I,N,T,J
SYN-INTJ-036,INTJ,4,3,3,3,4,1,4,3,4,3,4,2,2,3,4,2,I,N,T,J
SYN-INTJ-037,INTJ,5,1,5,3,2,3,3,2,3,4,3,3,4,2,5,5,I,N,T,J
SYN-INTJ-038,INTJ,4,1,2,1,4,1,4,5,4,1,3,2,3,1,4,1,I,N,T,J
SYN-INTJ-039,INTJ,5,3,2,3,4,1,2,3,3,4,4,2,4,1,2,3,I,N,T,J
SYN-INTJ-040,INTJ,4,1,4,3,5,2,3,2,4,5,4,1,4,5,4,3,I,N,T,J
SYN-INTJ-041,INTJ,5,2,2,3,2,3,5,4,5,2,4,1,5,1,5,1,I,N,T,J
SYN-INTJ-042,INTJ,5,2,3,3,3,3,2,3,5,3,4,4,1,2,2,3,I,N,T,J
SYN-INTJ-043,INTJ,4,3,4,2,3,1,2,2,3,2,4,3,1,4,5,2,I,N,T,J
SYN-INTJ-044,INTJ,1,4,3,4,3,3,4,1,5,1,4,3,3,3,4,5,I,N,T,J
SYN-INTJ-045,INTJ,1,5,3,1,4,3,1,1,3,3,4,1,5,3,1,2,I,N,T,J
SYN-INTJ-046,INTJ,4,2,4,4,3,5,5,1,4,3,3,2,2,1,3,3,I,N,T,J
SYN-INTJ-047,INTJ,5,1,5,1,4,1,2,2,2,3,3,1,4,2,2,4,I,N,T,J
SYN-INTJ-048,INTJ,4,4,3,1,5,3,3,5,3,2,4,1,2,1,4,3,I,N,T,J
SYN-INTJ-049,INTJ,1,1,5,2,2,3,1,2,2,4,5,4,1,5,1,2,I,N,T,J
SYN-INTJ-050,INTJ,3,2,4,2,4,3,2,1,5,1,5,2,1,2,4,2,I,N,T,J
SYN-INTJ-051,INTJ,3,1,2,1,4,5,2,4,4,1,3,1,5,4,4,3,I,N,T,J
SYN-INTJ-052,INTJ,4,2,4,1,4,5,2,4,5,1,2,2,5,1,4,4,I,N,T,J
SYN-INTJ-053,INTJ,5,2,3,1,4,2,3,1,1,1,4,3,2,4,2,1,I,N,T,J
SYN-INTJ-054,INTJ,4,2,3,1,3,4,2,2,2,2,2,2,5,2,4,3,I,N,T,J
SYN-INTJ-055,INTJ,3,4,2,3,2,1,4,2,2,3,3,3,2,3,5,3,I,N,T,J
SYN-INTJ-056,INTJ,3,3,4,1,4,1,3,1,2,5,4,1,5,3,5,2,I,N,T,J
SYN-INTJ-057,INTJ,3,1,3,1,4,1,2,3,3,3,4,1,3,3,5,2,I,N,T,J
SYN-INTJ-058,INTJ,2,5,2,2,5,4,5,2,1,4,5,4,3,3,3,2,I,N,T,J
SYN-INTJ-059,INTJ,2,3,4,1,5,1,1,4,5,2,2,3,3,2,4,2,I,N,T,J
SYN-INTJ-060,INTJ,4,1,2,2,3,2,5,3,2,1,3,2,2,1,5,3,I,N,T,J
SYN-INTJ-061,INTJ,5,1,5,2,5,2,4,2,4,4,4,5,4,1,5,1,I,N,T,J
SYN-INTJ-062,INTJ,4,2,2,1,5,2,4,3,4,3,4,1,1,2,4,1,I,N,T,J
SYN-INTJ-063,INTJ,3,2,2,1,1,3,4,1,5,4,4,3,3,4,5,2,I,N,T,J
SYN-INTJ-064,INTJ,5,3,5,1,3,2,5,2,4,1,2,3,3,3,5,3,I,N,T,J
SYN-INTJ-065,INTJ,5,5,4,2,4,2,4,4,5,4,5,2,4,1,4,3,I,N,T,J
SYN-INTJ-066,INTJ,5,1,2,3,2,2,4,2,2,2,4,1,5,3,4,1,I,N,T,J
SYN-INTJ-067,INTJ,2,5,4,4,3,1,5,4,4,1,5,2,4,4,2,3,I,N,T,J
SYN-INTJ-068,INTJ,4,2,4,3,2,3,2,3,5,3,3,4,5,2,3,1,I,N,T,J
SYN-INTJ-069,INTJ,3,3,5,3,4,3,5,1,4,3,2,4,5,3,5,2,I,N,T,J
SYN-INTJ-070,INTJ,4,2,4,3,4,2,5,4,2,1,2,1,4,3,2,2,I,N,T,J
SYN-INTJ-071,INTJ,4,2,5,4,2,1,5,1,4,2,2,3,4,2,4,2,I,N,T,J
SYN-INTJ-072,INTJ,4,1,4,1,4,2,5,4,4,2,3,3,5,5,4,5,I,N,T,J
SYN-INTJ-073,INTJ,3,3,4,4,3,1,5,3,2,2,4,2,5,2,4,3,I,N,T,J
SYN-INTJ-074,INTJ,2,1,3,2,4,5,3,2,4,2,3,2,4,5,2,3,I,N,T,J
SYN-INTJ-075,INTJ,2,1,4,2,4,3,5,2,2,3,4,3,2,3,4,2,I,N,T,J
SYN-INTJ-076,INTJ,3,3,4,3,5,2,3,1,2,4,3,4,2,3,5,4,I,N,T,J
SYN-INTJ-077,INTJ,3,1,3,1,3,3,2,2,2,3,2,3,4,4,2,2,I,N,T,J
SYN-INTJ-078,INTJ,4,2,3,1,3,3,4,2,3,4,4,4,5,3,4,1,I,N,T,J
SYN-INTJ-079,INTJ,5,4,5,2,4,2,2,2,1,4,3,3,3,3,3,5,I,N,T,J
SYN-INTJ-080,INTJ,3,3,4,2,4,4,5,5,5,3,3,4,4,2,4,1,I,N,T,J
SYN-ENTJ-001,ENTJ,3,3,3,2,3,4,4,4,5,4,3,3,4,2,3,1,E,N,T,J
SYN-ENTJ-002,ENTJ,1,3,3,2,3,4,2,2,3,4,3,1,3,3,3,4,E,N,T,J
SYN-ENTJ-003,ENTJ,4,3,4,4,4,4,1,3,4,2,3,2,3,2,4,1,E,N,T,J
SYN-ENTJ-004,ENTJ,2,5,3,2,5,1,5,2,4,3,4,2,5,2,4,4,E,N,T,J
SYN-ENTJ-005,ENTJ,1,5,3,4,2,3,5,4,5,2,2,1,2,1,3,2,E,N,T,J
SYN-ENTJ-006,ENTJ,5,4,1,2,1,2,4,3,2,1,2,4,1,1,4,1,E,N,T,J
SYN-ENTJ-007,ENTJ,1,5,1,5,4,1,5,1,3,2,2,4,3,1,3,2,E,N,T,J
SYN-ENTJ-008,ENTJ,2,2,1,4,1,2,2,3,2,2,2,5,5,2,3,2,E,N,T,J
SYN-ENTJ-009,ENTJ,3,4,2,5,3,4,2,5,1,2,2,3,3,1,3,3,E,N,T,J
SYN-ENTJ-010,ENTJ,5,4,1,3,3,2,4,3,1,3,4,1,3,1,5,2,E,N,T,J
SYN-ENTJ-011,ENTJ,4,3,3,5,5,1,4,2,3,2,2,3,4,2,4,3,E,N,T,J
SYN-ENTJ-012,ENTJ,2,3,1,4,3,1,2,3,3,4,2,3,4,1,5,1,E,N,T,J
SYN-ENTJ-013,ENTJ,2,3,3,2,3,1,5,2,3,1,1,1,4,3,3,4,E,N,T,J
SYN-ENTJ-014,ENTJ,2,1,5,2,5,5,4,1,4,1,4,1,2,4,4,2,E,N,T,J
SYN-ENTJ-015,ENTJ,4,3,2,2,2,5,3,4,2,2,2,4,4,3,3,3,E,N,T,J
SYN-ENTJ-016,ENTJ,3,5,1,4,3,2,5,1,3,4,4,4,3,2,4,3,E,N,T,J
SYN-ENTJ-017,ENTJ,2,1,3,2,5,2,4,5,4,2,5,3,5,5,2,1,E,N,T,J
SYN-ENTJ-018,ENTJ,4,2,1,5,2,2,3,3,3,1,5,2,2,2,4,3,E,N,T,J
SYN-ENTJ-019,ENTJ,2,4,3,4,3,2,4,2,2,4,5,2,4,4,4,3,E,N,T,J
SYN-ENTJ-020,ENTJ,1,3,2,5,2,4,5,2,4,1,3,2,5,4,5,3,E,N,T,J
SYN-ENTJ-021,ENTJ,4,4,3,2,4,2,5,2,3,2,4,5,5,4,5,3,E,N,T,J
SYN-ENTJ-022,ENTJ,1,3,2,5,2,3,4,1,1,5,4,1,2,1,3,1,E,N,T,J
SYN-ENTJ-023,ENTJ,2,3,4,2,3,3,3,4,3,3,4,2,4,2,4,3,E,N,T,J
SYN-ENTJ-024,ENTJ,2,5,5,4,5,1,5,5,2,2,3,2,5,3,2,4,E,N,T,J
SYN-ENTJ-025,ENTJ,5,1,2,3,3,2,3,2,5,3,5,2,4,3,1,2,E,N,T,J
SYN-ENTJ-026,ENTJ,2,5,2,1,5,1,4,1,3,2,1,3,4,3,4,4,E,N,T,J
SYN-ENTJ-027,ENTJ,4,5,3,4,4,3,3,2,5,2,2,3,3,2,4,5,E,N,T,J
SYN-ENTJ-028,ENTJ,3,4,4,4,5,1,4,3,4,1,4,2,4,1,5,2,E,N,T,J
SYN-ENTJ-029,ENTJ,4,3,2,5,5,2,2,3,3,2,5,1,5,5,5,1,E,N,T,J
SYN-ENTJ-030,ENTJ,2,4,2,4,4,2,4,1,5,4,4,5,2,3,4,2,E,N,T,J
SYN-ENTJ-031,ENTJ,2,5,2,1,4,4,5,2,4,1,3,1,2,2,5,4,E,N,T,J
SYN-ENTJ-032,ENTJ,3,4,1,4,3,2,2,4,2,2,4,3,4,1,3,2,E,N,T,J
SYN-ENTJ-033,ENTJ,3,2,4,4,4,1,3,3,5,5,3,1,5,1,4,1,E,N,T,J
SYN-ENTJ-034,ENTJ,1,3,3,4,4,1,4,4,3,2,5,2,3,3,3,1,E,N,T,J
SYN-ENTJ-035,ENTJ,1,2,1,3,5,4,5,3,3,2,2,3,2,2,3,4,E,N,T,J
SYN-ENTJ-036,ENTJ,3,2,1,2,5,1,5,4,4,1,4,3,4,5,3,1,E,N,T,J
SYN-ENTJ-037,ENTJ,1,3,5,4,4,5,1,1,4,1,4,2,3,3,3,2,E,N,T,J
SYN-ENTJ-038,ENTJ,3,3,3,2,3,2,5,2,1,2,5,2,4,3,5,2,E,N,T,J
SYN-ENTJ-039,ENTJ,1,2,1,3,2,2,2,2,4,4,5,2,4,2,5,1,E,N,T,J
SYN-ENTJ-040,ENTJ,1,4,1,5,3,1,1,1,5,2,5,2,3,2,5,1,E,N,T,J
SYN-ENTJ-041,ENTJ,4,3,1,3,3,4,4,2,5,4,5,4,4,2,4,1,E,N,T,J
SYN-ENTJ-042,ENTJ,2,3,4,1,2,2,1,3,3,3,5,2,5,1,4,5,E,N,T,J
SYN-ENTJ-043,ENTJ,1,1,4,4,4,3,4,2,1,3,4,3,3,2,5,1,E,N,T,J
SYN-ENTJ-044,ENTJ,1,4,4,3,4,3,2,1,4,2,2,2,4,3,2,3,E,N,T,J
SYN-ENTJ-045,ENTJ,2,5,2,4,2,3,4,3,3,2,4,4,3,2,1,3,E,N,T,J
SYN-ENTJ-046,ENTJ,4,3,3,5,2,4,3,2,3,1,4,2,3,3,4,4,E,N,T,J
SYN-ENTJ-047,ENTJ,4,5,1,3,5,1,3,1,4,2,5,3,4,2,3,2,E,N,T,J
SYN-ENTJ-048,ENTJ,2,2,3,2,4,4,2,2,1,3,2,3,3,4,3,2,E,N,T,J
SYN-ENTJ-049,ENTJ,2,5,4,1,4,1,5,2,3,1,1,2,5,3,5,3,E,N,T,J
SYN-ENTJ-050,ENTJ,5,2,3,5,4,1,4,2,2,4,2,1,5,1,3,4,E,N,T,J
SYN-ENTJ-051,ENTJ,1,4,4,4,5,2,3,4,3,2,3,2,4,5,2,2,E,N,T,J
SYN-ENTJ-052,ENTJ,4,4,1,2,4,2,4,4,2,1,4,1,3,4,4,1,E,N,T,J
SYN-ENTJ-053,ENTJ,5,2,3,4,4,2,4,1,5,1,1,5,2,4,3,2,E,N,T,J
SYN-ENTJ-054,ENTJ,1,2,2,4,5,2,3,4,4,4,1,1,5,1,5,1,E,N,T,J
SYN-ENTJ-055,ENTJ,1,4,2,2,5,2,3,4,2,3,4,1,5,4,2,4,E,N,T,J
SYN-ENTJ-056,ENTJ,2,3,2,5,4,5,5,5,4,2,1,2,3,3,3,3,E,N,T,J
SYN-ENTJ-057,ENTJ,2,3,3,3,5,2,2,2,5,2,4,1,5,3,4,1,E,N,T,J
SYN-ENTJ-058,ENTJ,1,2,3,1,4,2,4,2,3,3,4,2,4,2,4,3,E,N,T,J
SYN-ENTJ-059,ENTJ,2,3,1,4,4,1,5,1,5,2,2,4,5,4,4,1,E,N,T,J
SYN-ENTJ-060,ENTJ,3,1,2,5,4,2,4,2,2,3,1,1,3,1,5,2,E,N,T,J
SYN-ENTJ-061,ENTJ,2,3,4,4,3,3,5,3,3,1,3,2,4,5,1,2,E,N,T,J
SYN-ENTJ-062,ENTJ,3,5,2,4,3,3,4,2,1,1,5,2,3,4,3,1,E,N,T,J
SYN-ENTJ-063,ENTJ,3,3,3,5,1,1,2,3,4,1,1,1,3,1,1,3,E,N,T,J
SYN-ENTJ-064,ENTJ,2,5,1,5,4,4,3,3,4,2,3,4,4,2,5,1,E,N,T,J
SYN-ENTJ-065,ENTJ,2,4,3,3,3,3,4,4,4,1,1,4,5,5,5,5,E,N,T,J
SYN-ENTJ-066,ENTJ,1,4,4,3,3,2,4,2,5,1,4,4,3,1,5,1,E,N,T,J
SYN-ENTJ-067,ENTJ,2,2,5,4,3,2,4,3,3,4,3,2,5,1,1,1,E,N,T,J
SYN-ENTJ-068,ENTJ,3,5,3,1,4,5,3,5,5,1,2,1,4,3,5,5,E,N,T,J
SYN-ENTJ-069,ENTJ,1,4,1,2,5,3,4,3,5,2,3,2,4,1,5,2,E,N,T,J
SYN-ENTJ-070,ENTJ,1,2,4,1,3,3,2,2,1,3,3,2,3,3,5,2,E,N,T,J
SYN-ENTJ-071,ENTJ,1,5,4,4,3,3,3,1,4,1,5,1,4,1,4,3,E,N,T,J
SYN-ENTJ-072,ENTJ,5,4,2,4,4,1,2,2,4,2,3,2,2,2,5,1,E,N,T,J
SYN-ENTJ-073,ENTJ,2,3,2,2,3,2,4,1,5,5,3,4,5,3,1,1,E,N,T,J
SYN-ENTJ-074,ENTJ,2,5,1,3,5,1,2,1,2,4,3,2,2,4,5,4,E,N,T,J
SYN-ENTJ-075,ENTJ,3,4,2,1,5,3,4,1,3,3,4,2,2,1,4,3,E,N,T,J
SYN-ENTJ-076,ENTJ,5,3,4,4,5,2,3,4,2,1,5,1,5,1,4,2,E,N,T,J
SYN-ENTJ-077,ENTJ,5,2,5,2,4,1,4,3,5,3,3,2,2,3,4,4,E,N,T,J
SYN-ENTJ-078,ENTJ,4,5,2,5,3,1,4,1,3,1,3,3,2,1,3,5,E,N,T,J
SYN-ENTJ-079,ENTJ,2,2,4,2,5,2,4,4,3,3,4,3,5,3,4,2,E,N,T,J
SYN-ENTJ-080,ENTJ,2,5,3,4,5,4,4,1,2,1,5,4,3,2,4,3,E,N,T,J
SYN-ENFJ-001,ENFJ,4,3,3,4,3,3,3,4,2,3,2,4,4,1,3,1,E,N,F,J
SYN-ENFJ-002,ENFJ,2,2,3,3,4,3,1,4,4,3,3,2,2,1,2,2,E,N,F,J
SYN-ENFJ-003,ENFJ,2,4,2,2,5,3,3,4,1,4,4,3,4,2,2,1,E,N,F,J
SYN-ENFJ-004,ENFJ,2,3,1,5,3,3,3,2,4,4,1,2,3,2,3,2,E,N,F,J
SYN-ENFJ-005,ENFJ,1,5,2,4,2,1,5,3,2,4,4,4,4,3,4,2,E,N,F,J
SYN-ENFJ-006,ENFJ,2,4,3,3,5,1,5,2,4,4,1,4,4,5,5,2,E,N,F,J
SYN-ENFJ-007,ENFJ,2,3,2,3,4,2,5,3,3,3,3,4,4,1,2,5,E,N,F,J
SYN-ENFJ-008,ENFJ,4,5,4,4,5,2,3,5,3,3,2,3,3,3,3,2,E,N,F,J
SYN-ENFJ-009,ENFJ,3,3,2,1,5,2,2,2,5,5,2,2,4,2,5,3,E,N,F,J
SYN-ENFJ-010,ENFJ,2,4,2,3,4,1,1,2,1,1,2,5,3,4,4,1,E,N,F,J
SYN-ENFJ-011,ENFJ,3,3,2,5,4,5,3,1,2,4,2,3,5,2,5,2,E,N,F,J
SYN-ENFJ-012,ENFJ,2,3,3,5,4,5,3,2,4,4,4,3,3,2,5,2,E,N,F,J
SYN-ENFJ-013,ENFJ,1,4,2,5,4,2,5,1,1,5,2,5,4,2,2,4,E,N,F,J
SYN-ENFJ-014,ENFJ,4,5,1,5,5,3,4,1,2,5,1,2,5,1,3,2,E,N,F,J
SYN-ENFJ-015,ENFJ,1,5,1,1,1,3,5,3,4,5,2,4,5,3,4,4,E,N,F,J
SYN-ENFJ-016,ENFJ,3,4,1,4,3,2,3,2,2,5,1,5,4,3,3,4,E,N,F,J
SYN-ENFJ-017,ENFJ,2,2,2,5,4,2,4,3,4,3,4,1,2,2,5,2,E,N,F,J
SYN-ENFJ-018,ENFJ,2,3,2,1,4,1,2,3,1,5,2,3,2,3,1,4,E,N,F,J
SYN-ENFJ-019,ENFJ,4,5,2,4,4,2,2,3,1,1,5,3,5,4,3,5,E,N,F,J
SYN-ENFJ-020,ENFJ,1,5,1,1,4,5,5,1,2,4,4,5,4,1,4,1,E,N,F,J
SYN-ENFJ-021,ENFJ,3,3,3,3,3,2,4,1,3,2,4,3,1,3,4,3,E,N,F,J
SYN-ENFJ-022,ENFJ,2,3,5,4,4,4,3,2,1,5,2,3,4,4,5,4,E,N,F,J
SYN-ENFJ-023,ENFJ,3,2,3,4,5,2,5,1,4,4,2,5,4,2,1,4,E,N,F,J
SYN-ENFJ-024,ENFJ,1,5,4,4,5,4,2,5,4,5,1,4,3,3,3,2,E,N,F,J
SYN-ENFJ-025,ENFJ,2,4,2,1,4,1,3,2,4,5,3,2,3,2,5,2,E,N,F,J
SYN-ENFJ-026,ENFJ,3,4,4,4,4,4,2,3,2,3,4,2,3,5,5,3,E,N,F,J
SYN-ENFJ-027,ENFJ,1,3,4,3,4,4,1,3,2,4,5,2,5,4,4,2,E,N,F,J
SYN-ENFJ-028,ENFJ,5,5,4,4,4,4,1,3,2,4,1,4,4,2,2,4,E,N,F,J
SYN-ENFJ-029,ENFJ,3,4,5,5,4,2,4,2,3,4,4,5,3,2,1,4,E,N,F,J
SYN-ENFJ-030,ENFJ,1,4,2,2,4,1,4,5,3,3,4,2,2,2,5,4,E,N,F,J
SYN-ENFJ-031,ENFJ,4,1,2,5,4,2,4,3,3,3,4,2,3,1,4,2,E,N,F,J
SYN-ENFJ-032,ENFJ,1,4,3,4,2,2,3,2,1,5,1,4,3,4,3,3,E,N,F,J
SYN-ENFJ-033,ENFJ,2,3,3,2,5,4,4,4,1,5,1,2,4,2,5,2,E,N,F,J
SYN-ENFJ-034,ENFJ,1,2,5,4,4,2,2,2,3,2,1,5,3,1,2,3,E,N,F,J
SYN-ENFJ-035,ENFJ,2,5,3,4,4,2,5,3,3,4,3,4,3,5,5,2,E,N,F,J
SYN-ENFJ-036,ENFJ,3,5,2,5,5,1,4,1,3,5,3,5,5,4,2,1,E,N,F,J
SYN-ENFJ-037,ENFJ,1,3,4,2,1,4,4,2,4,3,4,2,4,3,4,2,E,N,F,J
SYN-ENFJ-038,ENFJ,2,3,4,5,4,3,2,2,3,5,3,5,3,3,5,1,E,N,F,J
SYN-ENFJ-039,ENFJ,3,5,5,2,4,4,4,3,3,2,3,2,4,1,5,2,E,N,F,J
SYN-ENFJ-040,ENFJ,4,4,2,3,4,3,5,3,4,2,2,3,5,4,3,2,E,N,F,J
SYN-ENFJ-041,ENFJ,2,4,1,3,2,2,3,1,1,5,3,3,4,1,2,2,E,N,F,J
SYN-ENFJ-042,ENFJ,3,2,3,1,2,2,2,2,3,2,1,5,1,3,3,4,E,N,F,J
SYN-ENFJ-043,ENFJ,3,5,1,4,3,1,4,3,2,3,3,4,4,3,3,3,E,N,F,J
SYN-ENFJ-044,ENFJ,3,4,2,3,5,3,5,5,5,2,3,3,1,1,2,2,E,N,F,J
SYN-ENFJ-045,ENFJ,1,4,3,5,4,1,1,3,2,4,3,1,2,2,2,1,E,N,F,J
SYN-ENFJ-046,ENFJ,3,4,2,4,2,3,2,2,2,3,2,3,2,1,3,5,E,N,F,J
SYN-ENFJ-047,ENFJ,4,4,1,4,3,4,3,4,3,3,3,4,5,5,3,2,E,N,F,J
SYN-ENFJ-048,ENFJ,2,5,2,3,2,5,3,1,5,3,3,5,2,1,2,4,E,N,F,J
SYN-ENFJ-049,ENFJ,5,5,3,3,4,1,4,1,1,5,1,4,4,4,2,2,E,N,F,J
SYN-ENFJ-050,ENFJ,2,4,2,2,3,4,5,2,3,1,1,3,4,4,3,2,E,N,F,J
SYN-ENFJ-051,ENFJ,3,5,2,2,5,5,2,4,2,3,4,5,4,3,2,4,E,N,F,J
SYN-ENFJ-052,ENFJ,2,3,2,4,4,1,4,5,1,5,1,4,3,2,5,1,E,N,F,J
SYN-ENFJ-053,ENFJ,3,3,2,3,2,4,2,4,5,5,2,2,3,1,2,2,E,N,F,J
SYN-ENFJ-054,ENFJ,4,4,4,3,4,3,2,4,2,2,2,3,4,2,1,3,E,N,F,J
SYN-ENFJ-055,ENFJ,2,4,2,4,3,2,4,2,1,4,5,2,4,2,5,3,E,N,F,J
SYN-ENFJ-056,ENFJ,1,4,1,5,5,3,4,3,1,2,1,4,4,3,4,1,E,N,F,J
SYN-ENFJ-057,ENFJ,2,5,1,3,5,1,4,1,3,2,3,5,1,3,4,2,E,N,F,J
SYN-ENFJ-058,ENFJ,5,5,3,5,5,2,4,1,4,2,2,4,1,3,4,2,E,N,F,J
SYN-ENFJ-059,ENFJ,2,2,2,2,4,2,3,1,1,2,1,4,1,3,4,2,E,N,F,J
SYN-ENFJ-060,ENFJ,2,5,3,2,4,1,5,3,5,5,1,2,4,3,4,2,E,N,F,J
SYN-ENFJ-061,ENFJ,2,4,2,3,3,4,4,1,3,4,3,5,5,4,3,2,E,N,F,J
SYN-ENFJ-062,ENFJ,3,2,3,5,4,1,3,5,3,5,3,5,3,3,4,5,E,N,F,J
SYN-ENFJ-063,ENFJ,3,2,1,5,2,1,5,2,2,5,2,3,3,2,5,1,E,N,F,J
SYN-ENFJ-064,ENFJ,3,4,4,3,3,4,5,3,3,3,1,2,4,1,3,4,E,N,F,J
SYN-ENFJ-065,ENFJ,2,4,1,1,3,3,4,2,1,4,5,3,4,1,4,1,E,N,F,J
SYN-ENFJ-066,ENFJ,2,5,2,5,2,4,5,1,1,3,2,3,3,3,5,3,E,N,F,J
SYN-ENFJ-067,ENFJ,4,2,4,2,2,2,5,2,2,5,3,4,5,4,4,3,E,N,F,J
SYN-ENFJ-068,ENFJ,2,3,1,3,5,2,5,2,3,2,3,4,5,1,2,4,E,N,F,J
SYN-ENFJ-069,ENFJ,4,4,4,3,5,4,1,2,4,5,1,5,4,2,3,4,E,N,F,J
SYN-ENFJ-070,ENFJ,3,5,1,3,4,2,3,1,2,4,3,1,2,3,4,1,E,N,F,J
SYN-ENFJ-071,ENFJ,3,2,2,2,3,5,1,3,5,5,1,3,5,2,3,2,E,N,F,J
SYN-ENFJ-072,ENFJ,2,4,4,4,2,3,4,2,2,5,3,4,2,2,3,5,E,N,F,J
SYN-ENFJ-073,ENFJ,3,4,4,2,3,1,1,3,1,5,3,5,4,1,3,4,E,N,F,J
SYN-ENFJ-074,ENFJ,2,2,4,4,5,3,4,4,3,2,2,3,4,2,5,3,E,N,F,J
SYN-ENFJ-075,ENFJ,4,5,4,5,5,4,5,3,3,2,1,3,2,1,5,3,E,N,F,J
SYN-ENFJ-076,ENFJ,3,2,5,3,5,3,4,5,4,4,2,2,3,3,3,2,E,N,F,J
SYN-ENFJ-077,ENFJ,1,5,3,5,4,2,2,4,2,4,2,5,3,1,3,3,E,N,F,J
SYN-ENFJ-078,ENFJ,2,4,2,4,4,2,1,1,1,5,4,3,3,2,5,4,E,N,F,J
SYN-ENFJ-079,ENFJ,5,3,3,4,5,1,3,2,3,5,1,3,4,3,5,2,E,N,F,J
SYN-ENFJ-080,ENFJ,2,3,4,5,2,1,4,3,2,5,1,2,5,2,2,2,E,N,F,J
SYN-INFP-001,INFP,4,2,5,3,5,3,2,1,2,5,2,5,4,5,2,2,I,N,F,P
SYN-INFP-002,INFP,4,4,4,1,3,1,4,4,1,4,5,2,1,5,3,2,I,N,F,P
SYN-INFP-003,INFP,5,5,4,4,3,2,4,3,1,5,2,1,3,3,3,4,I,N,F,P
SYN-INFP-004,INFP,4,4,3,4,3,1,2,1,2,4,2,4,2,5,4,4,I,N,F,P
SYN-INFP-005,INFP,4,1,4,2,2,3,4,3,2,4,4,1,2,4,2,5,I,N,F,P
SYN-INFP-006,INFP,3,3,3,1,5,2,2,1,2,4,2,1,1,1,2,4,I,N,F,P
SYN-INFP-007,INFP,5,2,4,1,4,2,5,3,3,3,3,2,2,3,2,1,I,N,F,P
SYN-INFP-008,INFP,4,3,5,3,2,3,4,2,3,4,2,1,2,1,2,2,I,N,F,P
SYN-INFP-009,INFP,4,2,4,2,5,2,5,3,2,5,4,5,1,5,3,2,I,N,F,P
SYN-INFP-010,INFP,3,1,2,3,4,2,4,5,4,5,1,3,1,4,4,3,I,N,F,P
SYN-INFP-011,INFP,5,1,2,5,4,4,5,4,2,3,3,2,4,2,3,3,I,N,F,P
SYN-INFP-012,INFP,1,1,5,3,3,2,5,2,3,1,3,3,4,3,4,1,I,N,F,P
SYN-INFP-013,INFP,3,2,4,3,4,1,5,5,1,5,1,5,3,3,4,4,I,N,F,P
SYN-INFP-014,INFP,3,2,2,1,5,1,2,2,1,4,2,2,1,4,3,3,I,N,F,P
SYN-INFP-015,INFP,4,3,3,4,4,2,2,4,4,2,4,1,5,4,3,4,I,N,F,P
SYN-INFP-016,INFP,5,4,2,3,4,1,2,4,2,4,1,5,4,2,2,4,I,N,F,P
SYN-INFP-017,INFP,3,5,3,2,3,3,3,2,2,4,1,2,5,4,4,5,I,N,F,P
SYN-INFP-018,INFP,2,2,5,1,2,4,3,3,2,4,4,3,5,1,1,5,I,N,F,P
SYN-INFP-019,INFP,4,5,5,1,4,1,2,4,2,4,4,5,1,4,3,2,I,N,F,P
SYN-INFP-020,INFP,3,2,3,4,3,3,2,4,1,2,2,5,2,2,4,2,I,N,F,P
SYN-INFP-021,INFP,2,4,4,2,4,2,5,3,3,3,2,4,3,4,2,2,I,N,F,P
SYN-INFP-022,INFP,4,2,1,3,4,4,5,1,2,4,3,3,1,3,3,3,I,N,F,P
SYN-INFP-023,INFP,1,4,3,1,5,1,4,3,1,5,1,4,2,4,4,5,I,N,F,P
SYN-INFP-024,INFP,4,1,3,2,3,4,2,3,2,2,1,2,4,4,5,2,I,N,F,P
SYN-INFP-025,INFP,5,1,4,2,2,3,5,2,3,5,1,2,2,4,2,4,I,N,F,P
SYN-INFP-026,INFP,4,3,1,4,4,4,4,2,1,5,3,1,3,3,2,2,I,N,F,P
SYN-INFP-027,INFP,3,4,4,1,3,3,5,4,5,3,1,5,4,2,1,4,I,N,F,P
SYN-INFP-028,INFP,4,5,2,2,5,3,4,3,1,4,3,3,2,4,3,5,I,N,F,P
SYN-INFP-029,INFP,1,4,2,2,2,3,5,5,4,2,3,3,1,5,4,3,I,N,F,P
SYN-INFP-030,INFP,3,3,4,2,5,4,3,2,3,4,5,4,3,2,1,5,I,N,F,P
SYN-INFP-031,INFP,4,2,2,4,5,3,5,2,1,4,4,4,2,4,4,5,I,N,F,P
SYN-INFP-032,INFP,3,1,4,3,2,1,3,2,1,3,2,2,1,1,1,5,I,N,F,P
SYN-INFP-033,INFP,5,3,4,4,3,4,5,3,1,4,4,3,3,3,3,2,I,N,F,P
SYN-INFP-034,INFP,4,1,4,1,4,2,2,2,2,5,2,4,3,5,2,3,I,N,F,P
SYN-INFP-035,INFP,4,2,5,2,5,1,1,3,3,5,2,5,5,3,4,4,I,N,F,P
SYN-INFP-036,INFP,3,1,4,2,5,1,4,2,2,4,4,4,4,3,1,5,I,N,F,P
SYN-INFP-037,INFP,4,4,4,1,5,5,4,3,1,3,5,5,3,2,1,5,I,N,F,P
SYN-INFP-038,INFP,5,2,2,3,4,4,3,3,4,5,2,4,1,1,3,4,I,N,F,P
SYN-INFP-039,INFP,4,1,3,1,4,3,2,2,4,2,4,4,2,4,3,2,I,N,F,P
SYN-INFP-040,INFP,1,4,4,2,4,3,3,1,2,4,1,3,3,3,2,5,I,N,F,P
SYN-INFP-041,INFP,5,4,4,2,4,1,5,3,5,3,2,3,4,4,2,5,I,N,F,P
SYN-INFP-042,INFP,2,4,3,2,2,1,3,4,4,5,2,2,3,4,2,5,I,N,F,P
SYN-INFP-043,INFP,5,2,4,1,5,4,4,4,5,4,2,5,3,3,1,2,I,N,F,P
SYN-INFP-044,INFP,2,3,5,2,2,2,5,4,2,3,2,5,4,4,5,4,I,N,F,P
SYN-INFP-045,INFP,4,1,4,3,3,4,2,1,5,5,1,2,3,2,3,3,I,N,F,P
SYN-INFP-046,INFP,5,2,4,4,4,2,3,4,4,3,1,5,1,3,2,2,I,N,F,P
SYN-INFP-047,INFP,4,3,3,1,5,2,1,2,2,4,2,4,2,5,2,1,I,N,F,P
SYN-INFP-048,INFP,3,4,4,3,3,3,4,4,2,3,3,4,4,5,2,2,I,N,F,P
SYN-INFP-049,INFP,4,2,4,4,5,2,3,2,3,4,2,5,1,2,3,4,I,N,F,P
SYN-INFP-050,INFP,1,3,4,3,5,3,3,3,5,5,1,3,3,4,2,4,I,N,F,P
SYN-INFP-051,INFP,2,2,4,1,5,2,3,2,2,4,3,5,5,4,3,2,I,N,F,P
SYN-INFP-052,INFP,5,2,4,1,1,2,4,3,3,3,2,5,1,3,5,3,I,N,F,P
SYN-INFP-053,INFP,3,4,4,1,2,4,4,3,2,3,2,4,2,4,3,4,I,N,F,P
SYN-INFP-054,INFP,1,2,4,3,2,2,2,1,1,4,1,3,2,3,4,4,I,N,F,P
SYN-INFP-055,INFP,5,1,3,2,1,3,5,1,2,4,2,5,3,3,2,2,I,N,F,P
SYN-INFP-056,INFP,2,1,2,2,4,3,3,3,3,4,5,4,4,3,3,3,I,N,F,P
SYN-INFP-057,INFP,2,2,3,1,5,3,3,3,3,4,2,2,3,4,3,2,I,N,F,P
SYN-INFP-058,INFP,4,2,4,5,3,2,5,3,3,5,4,3,3,3,2,4,I,N,F,P
SYN-INFP-059,INFP,3,3,4,1,5,2,1,1,1,5,2,5,3,4,4,4,I,N,F,P
SYN-INFP-060,INFP,4,3,3,1,3,2,5,2,3,4,2,5,4,4,5,4,I,N,F,P
SYN-INFP-061,INFP,4,1,2,2,2,1,4,1,2,3,3,4,4,4,3,2,I,N,F,P
SYN-INFP-062,INFP,3,3,3,3,3,1,4,3,3,4,3,1,1,3,2,5,I,N,F,P
SYN-INFP-063,INFP,1,4,4,3,2,5,4,2,4,5,2,3,3,5,5,1,I,N,F,P
SYN-INFP-064,INFP,4,1,3,2,3,3,3,4,1,4,2,3,1,1,1,5,I,N,F,P
SYN-INFP-065,INFP,5,3,3,1,5,3,2,4,1,5,1,4,2,2,4,1,I,N,F,P
SYN-INFP-066,INFP,4,4,3,1,4,2,3,4,5,2,2,4,3,4,1,3,I,N,F,P
SYN-INFP-067,INFP,4,5,4,4,3,1,2,1,1,5,4,5,3,2,3,5,I,N,F,P
SYN-INFP-068,INFP,3,2,4,2,1,3,3,3,2,4,1,3,1,3,2,4,I,N,F,P
SYN-INFP-069,INFP,2,1,5,5,2,4,2,4,2,2,1,4,2,3,4,4,I,N,F,P
SYN-INFP-070,INFP,5,1,5,2,4,2,5,2,2,2,2,5,1,2,2,2,I,N,F,P
SYN-INFP-071,INFP,4,3,3,4,4,1,1,2,1,3,3,4,4,3,3,5,I,N,F,P
SYN-INFP-072,INFP,3,1,5,1,2,1,1,3,5,2,2,5,2,4,1,4,I,N,F,P
SYN-INFP-073,INFP,5,4,4,5,4,4,5,2,3,5,2,4,2,2,3,4,I,N,F,P
SYN-INFP-074,INFP,5,1,2,4,3,2,4,2,2,2,1,4,2,3,2,4,I,N,F,P
SYN-INFP-075,INFP,4,2,5,4,5,5,2,2,3,3,5,3,2,2,3,3,I,N,F,P
SYN-INFP-076,INFP,3,4,4,3,5,1,1,2,4,4,4,3,1,3,2,4,I,N,F,P
SYN-INFP-077,INFP,1,3,5,3,3,3,4,4,3,2,3,2,4,4,3,3,I,N,F,P
SYN-INFP-078,INFP,4,2,5,1,2,4,3,2,3,5,3,4,3,5,2,2,I,N,F,P
SYN-INFP-079,INFP,4,2,4,2,5,1,5,2,4,3,1,2,1,3,3,2,I,N,F,P
SYN-INFP-080,INFP,5,1,4,1,5,3,4,3,3,4,2,3,1,3,2,4,I,N,F,P
SYN-ENFP-001,ENFP,2,5,3,1,4,2,1,2,2,4,2,3,2,3,2,3,E,N,F,P
SYN-ENFP-002,ENFP,1,5,2,4,5,5,4,1,1,1,5,1,3,5,3,4,E,N,F,P
SYN-ENFP-003,ENFP,4,4,3,4,4,1,1,3,1,3,1,5,1,2,4,3,E,N,F,P
SYN-ENFP-004,ENFP,4,5,3,4,5,5,5,2,2,3,2,2,2,2,4,4,E,N,F,P
SYN-ENFP-005,ENFP,2,5,3,5,4,4,3,3,2,5,4,4,5,3,4,4,E,N,F,P
SYN-ENFP-006,ENFP,1,3,5,3,3,4,4,4,4,5,4,5,1,5,1,5,E,N,F,P
SYN-ENFP-007,ENFP,2,2,5,5,2,4,5,3,4,4,3,1,1,5,4,2,E,N,F,P
SYN-ENFP-008,ENFP,3,4,1,4,3,2,5,1,4,4,3,4,3,4,1,5,E,N,F,P
SYN-ENFP-009,ENFP,1,4,3,4,4,1,2,5,5,2,2,5,1,5,4,5,E,N,F,P
SYN-ENFP-010,ENFP,3,2,3,3,4,2,3,2,5,4,4,4,4,4,3,5,E,N,F,P
SYN-ENFP-011,ENFP,1,4,2,5,4,1,5,1,4,4,4,4,4,1,1,3,E,N,F,P
SYN-ENFP-012,ENFP,4,4,2,2,3,3,3,2,2,3,2,5,4,3,3,1,E,N,F,P
SYN-ENFP-013,ENFP,1,1,2,3,4,3,3,4,1,5,1,4,2,3,2,1,E,N,F,P
SYN-ENFP-014,ENFP,3,5,4,3,2,2,4,2,4,4,4,4,1,3,2,4,E,N,F,P
SYN-ENFP-015,ENFP,1,4,2,5,4,3,4,2,2,5,1,3,2,3,1,3,E,N,F,P
SYN-ENFP-016,ENFP,2,1,4,4,2,4,3,3,3,4,1,4,3,4,1,4,E,N,F,P
SYN-ENFP-017,ENFP,2,3,1,2,5,3,5,3,2,4,2,3,2,5,3,4,E,N,F,P
SYN-ENFP-018,ENFP,3,3,2,2,5,3,5,2,2,4,3,4,3,2,5,2,E,N,F,P
SYN-ENFP-019,ENFP,2,2,2,5,4,2,2,2,2,5,5,3,3,5,5,2,E,N,F,P
SYN-ENFP-020,ENFP,3,4,1,4,5,2,2,1,2,2,3,2,1,3,4,5,E,N,F,P
SYN-ENFP-021,ENFP,4,2,1,2,3,5,4,1,4,5,1,3,1,4,3,4,E,N,F,P
SYN-ENFP-022,ENFP,2,3,2,2,5,5,4,3,3,4,3,2,1,3,2,3,E,N,F,P
SYN-ENFP-023,ENFP,1,3,4,5,4,3,3,1,4,5,1,2,1,2,5,4,E,N,F,P
SYN-ENFP-024,ENFP,4,1,4,5,3,3,4,5,2,3,3,4,4,4,4,3,E,N,F,P
SYN-ENFP-025,ENFP,2,5,1,1,5,2,5,3,1,5,2,3,1,4,1,5,E,N,F,P
SYN-ENFP-026,ENFP,3,3,2,2,4,1,3,1,3,1,3,4,2,1,3,4,E,N,F,P
SYN-ENFP-027,ENFP,2,2,4,3,3,3,5,3,3,3,3,3,3,2,2,4,E,N,F,P
SYN-ENFP-028,ENFP,2,4,3,1,5,5,5,4,3,2,4,5,4,2,3,3,E,N,F,P
SYN-ENFP-029,ENFP,3,3,2,5,4,4,5,2,1,3,2,2,1,4,1,5,E,N,F,P
SYN-ENFP-030,ENFP,1,2,4,4,5,2,2,1,1,4,3,2,3,5,1,2,E,N,F,P
SYN-ENFP-031,ENFP,4,5,1,5,5,1,3,4,4,5,4,4,2,5,3,2,E,N,F,P
SYN-ENFP-032,ENFP,1,4,5,3,3,3,5,1,1,1,1,3,2,5,4,5,E,N,F,P
SYN-ENFP-033,ENFP,1,5,2,2,5,3,3,2,4,5,1,5,3,1,3,2,E,N,F,P
SYN-ENFP-034,ENFP,1,3,2,5,5,1,4,4,5,4,2,5,3,2,2,5,E,N,F,P
SYN-ENFP-035,ENFP,4,5,2,2,3,2,3,1,1,3,1,4,5,4,3,5,E,N,F,P
SYN-ENFP-036,ENFP,1,4,4,3,4,5,4,2,4,2,1,4,3,4,5,1,E,N,F,P
SYN-ENFP-037,ENFP,3,4,5,5,3,4,3,1,1,4,4,4,4,4,2,3,E,N,F,P
SYN-ENFP-038,ENFP,2,4,1,5,3,2,4,4,1,4,1,4,2,5,3,2,E,N,F,P
SYN-ENFP-039,ENFP,2,5,2,2,3,4,5,3,1,4,2,4,2,5,2,4,E,N,F,P
SYN-ENFP-040,ENFP,2,3,5,3,3,2,5,4,3,4,1,2,2,2,5,3,E,N,F,P
SYN-ENFP-041,ENFP,3,1,3,4,4,1,3,2,3,3,1,1,3,5,5,3,E,N,F,P
SYN-ENFP-042,ENFP,1,4,3,5,4,2,5,1,2,5,1,3,2,5,3,5,E,N,F,P
SYN-ENFP-043,ENFP,3,4,1,5,4,3,3,2,1,2,2,4,2,3,3,5,E,N,F,P
SYN-ENFP-044,ENFP,5,1,2,4,1,3,4,4,3,5,1,2,5,4,1,5,E,N,F,P
SYN-ENFP-045,ENFP,4,4,3,3,4,3,4,2,2,5,5,2,2,4,4,5,E,N,F,P
SYN-ENFP-046,ENFP,5,3,3,5,5,2,4,4,2,5,4,4,1,4,3,3,E,N,F,P
SYN-ENFP-047,ENFP,1,4,5,4,5,2,4,1,4,2,1,2,2,3,2,3,E,N,F,P
SYN-ENFP-048,ENFP,3,2,2,3,4,4,3,3,1,4,3,4,4,2,4,5,E,N,F,P
SYN-ENFP-049,ENFP,4,4,2,3,4,2,4,3,4,4,4,4,2,5,2,5,E,N,F,P
SYN-ENFP-050,ENFP,3,2,5,5,2,2,3,1,4,4,2,3,2,5,3,2,E,N,F,P
SYN-ENFP-051,ENFP,3,5,2,3,3,4,2,3,3,3,2,1,4,4,2,4,E,N,F,P
SYN-ENFP-052,ENFP,3,4,4,3,4,2,4,2,1,5,4,2,2,5,1,3,E,N,F,P
SYN-ENFP-053,ENFP,1,3,1,2,4,1,5,2,1,1,1,5,1,3,1,2,E,N,F,P
SYN-ENFP-054,ENFP,3,3,2,3,4,3,4,1,1,5,1,3,2,3,1,5,E,N,F,P
SYN-ENFP-055,ENFP,3,3,3,2,2,3,4,2,5,4,1,5,4,4,2,2,E,N,F,P
SYN-ENFP-056,ENFP,2,5,1,2,1,3,4,1,2,4,5,3,1,1,2,2,E,N,F,P
SYN-ENFP-057,ENFP,4,4,3,3,4,1,5,3,4,1,1,5,1,4,3,2,E,N,F,P
SYN-ENFP-058,ENFP,3,3,5,2,3,2,4,2,4,2,2,3,2,3,3,3,E,N,F,P
SYN-ENFP-059,ENFP,1,2,4,2,4,1,5,2,5,3,2,5,2,5,1,3,E,N,F,P
SYN-ENFP-060,ENFP,4,4,1,3,4,2,2,3,2,5,5,5,3,3,2,4,E,N,F,P
SYN-ENFP-061,ENFP,1,4,3,4,2,4,5,4,2,5,1,5,4,4,1,4,E,N,F,P
SYN-ENFP-062,ENFP,1,4,1,2,4,4,3,2,3,5,2,4,3,3,1,3,E,N,F,P
SYN-ENFP-063,ENFP,2,2,5,3,2,2,5,2,2,4,4,5,3,5,3,5,E,N,F,P
SYN-ENFP-064,ENFP,2,3,1,4,2,2,2,2,1,5,3,4,1,4,2,5,E,N,F,P
SYN-ENFP-065,ENFP,1,1,3,3,5,1,3,3,1,4,2,4,3,4,1,5,E,N,F,P
SYN-ENFP-066,ENFP,1,3,3,3,5,2,2,2,2,5,2,3,4,5,4,4,E,N,F,P
SYN-ENFP-067,ENFP,1,5,2,5,3,2,4,1,1,1,2,3,5,3,4,3,E,N,F,P
SYN-ENFP-068,ENFP,1,3,3,4,4,1,5,2,1,3,3,5,1,4,2,4,E,N,F,P
SYN-ENFP-069,ENFP,3,4,2,5,4,3,3,2,1,4,2,2,1,2,4,5,E,N,F,P
SYN-ENFP-070,ENFP,1,3,2,5,5,2,1,2,3,2,5,5,2,2,2,4,E,N,F,P
SYN-ENFP-071,ENFP,3,2,1,4,3,3,2,3,3,4,4,2,2,2,2,1,E,N,F,P
SYN-ENFP-072,ENFP,2,4,2,1,5,1,5,3,2,3,2,4,4,3,1,5,E,N,F,P
SYN-ENFP-073,ENFP,3,4,1,5,4,3,2,3,3,1,4,4,2,4,3,3,E,N,F,P
SYN-ENFP-074,ENFP,2,3,4,4,4,1,2,2,4,5,3,5,3,5,4,3,E,N,F,P
SYN-ENFP-075,ENFP,2,4,2,3,3,3,2,3,3,1,3,4,1,4,1,2,E,N,F,P
SYN-ENFP-076,ENFP,2,4,4,4,3,2,5,1,1,1,1,5,3,3,1,4,E,N,F,P
SYN-ENFP-077,ENFP,2,3,4,5,4,3,4,3,3,4,5,2,3,5,4,5,E,N,F,P
SYN-ENFP-078,ENFP,1,1,1,4,4,4,1,5,3,2,4,4,1,5,4,3,E,N,F,P
SYN-ENFP-079,ENFP,1,4,2,4,3,1,3,2,2,1,3,3,3,5,2,3,E,N,F,P
SYN-ENFP-080,ENFP,2,3,1,2,2,3,3,1,1,5,2,3,2,3,1,4,E,N,F,P
SYN-ISFP-001,ISFP,1,2,3,5,2,2,4,5,2,5,2,5,2,4,4,3,I,S,F,P
SYN-ISFP-002,ISFP,5,1,3,2,2,3,4,2,2,3,2,3,1,3,2,2,I,S,F,P
SYN-ISFP-003,ISFP,5,1,5,3,2,4,2,2,2,5,5,3,1,5,5,3,I,S,F,P
SYN-ISFP-004,ISFP,4,4,2,2,3,5,3,2,3,2,3,4,1,5,1,4,I,S,F,P
SYN-ISFP-005,ISFP,3,3,2,2,5,3,2,3,3,3,2,4,3,5,1,2,I,S,F,P
SYN-ISFP-006,ISFP,3,1,3,4,1,3,5,2,5,5,1,4,1,4,1,5,I,S,F,P
SYN-ISFP-007,ISFP,3,2,1,1,3,2,4,5,1,4,1,4,3,3,1,3,I,S,F,P
SYN-ISFP-008,ISFP,4,2,1,4,4,5,1,4,5,3,1,3,1,5,3,5,I,S,F,P
SYN-ISFP-009,ISFP,2,1,4,2,2,5,3,3,3,3,1,5,3,5,1,3,I,S,F,P
SYN-ISFP-010,ISFP,5,2,5,1,3,4,3,3,2,5,1,1,5,5,4,4,I,S,F,P
SYN-ISFP-011,ISFP,5,2,4,2,1,4,3,3,1,4,2,3,3,3,3,4,I,S,F,P
SYN-ISFP-012,ISFP,2,3,3,3,3,4,2,4,3,5,3,3,4,1,3,5,I,S,F,P
SYN-ISFP-013,ISFP,3,2,5,4,2,1,4,2,2,2,1,5,5,4,2,5,I,S,F,P
SYN-ISFP-014,ISFP,3,1,5,1,4,4,3,4,2,4,2,4,3,4,1,2,I,S,F,P
SYN-ISFP-015,ISFP,2,3,4,4,2,4,1,2,3,4,3,4,1,5,2,5,I,S,F,P
SYN-ISFP-016,ISFP,4,3,4,2,2,5,2,1,4,5,2,4,3,4,3,2,I,S,F,P
SYN-ISFP-017,ISFP,5,3,2,3,3,3,2,3,3,2,3,2,2,1,3,3,I,S,F,P
SYN-ISFP-018,ISFP,3,1,2,4,4,4,5,4,1,4,4,1,4,3,1,2,I,S,F,P
SYN-ISFP-019,ISFP,3,2,3,2,2,3,3,5,5,5,2,3,3,5,1,3,I,S,F,P
SYN-ISFP-020,ISFP,5,2,2,4,5,4,1,4,2,5,3,4,4,3,3,4,I,S,F,P
SYN-ISFP-021,ISFP,4,2,2,1,4,1,2,4,2,5,2,4,3,4,1,4,I,S,F,P
SYN-ISFP-022,ISFP,5,1,1,4,2,5,3,5,1,3,3,3,4,4,2,4,I,S,F,P
SYN-ISFP-023,ISFP,4,5,1,5,2,3,2,5,2,4,2,3,1,4,4,3,I,S,F,P
SYN-ISFP-024,ISFP,4,2,5,2,4,4,3,4,3,4,2,4,2,2,5,2,I,S,F,P
SYN-ISFP-025,ISFP,3,3,3,1,3,4,3,4,2,4,2,4,4,5,4,2,I,S,F,P
SYN-ISFP-026,ISFP,4,3,5,2,1,3,4,5,1,4,1,2,3,3,3,5,I,S,F,P
SYN-ISFP-027,ISFP,5,1,4,2,5,5,5,4,1,1,3,4,2,2,3,4,I,S,F,P
SYN-ISFP-028,ISFP,4,3,2,1,2,4,2,5,2,4,3,2,2,3,4,3,I,S,F,P
SYN-ISFP-029,ISFP,4,5,2,2,3,5,4,5,2,3,2,2,1,1,4,2,I,S,F,P
SYN-ISFP-030,ISFP,5,3,5,1,1,4,3,3,2,1,1,5,1,1,3,5,I,S,F,P
SYN-ISFP-031,ISFP,3,3,4,4,4,5,4,2,3,3,2,4,1,4,2,5,I,S,F,P
SYN-ISFP-032,ISFP,5,2,5,5,4,4,2,3,1,5,2,3,4,5,2,2,I,S,F,P
SYN-ISFP-033,ISFP,4,1,2,1,5,2,3,5,3,5,3,2,1,2,3,3,I,S,F,P
SYN-ISFP-034,ISFP,5,3,4,1,2,3,2,3,2,3,2,4,2,4,3,5,I,S,F,P
SYN-ISFP-035,ISFP,2,4,5,3,2,4,2,4,1,4,3,2,3,5,3,4,I,S,F,P
SYN-ISFP-036,ISFP,5,5,5,3,1,4,4,3,2,5,1,5,2,4,3,3,I,S,F,P
SYN-ISFP-037,ISFP,5,4,5,1,4,5,2,5,1,4,2,5,2,1,4,4,I,S,F,P
SYN-ISFP-038,ISFP,3,3,3,1,3,1,1,5,5,5,2,2,2,2,3,3,I,S,F,P
SYN-ISFP-039,ISFP,4,1,3,2,3,2,1,5,2,3,3,1,3,4,1,4,I,S,F,P
SYN-ISFP-040,ISFP,3,1,5,1,2,5,3,5,4,2,1,4,4,3,2,3,I,S,F,P
SYN-ISFP-041,ISFP,2,3,5,2,1,3,2,4,4,2,4,3,4,5,5,4,I,S,F,P
SYN-ISFP-042,ISFP,3,3,2,1,1,3,2,2,1,2,5,4,2,2,2,3,I,S,F,P
SYN-ISFP-043,ISFP,3,1,5,5,2,5,2,4,3,4,5,4,1,3,1,2,I,S,F,P
SYN-ISFP-044,ISFP,3,1,5,2,1,2,1,3,1,3,4,5,4,4,1,2,I,S,F,P
SYN-ISFP-045,ISFP,4,2,4,1,2,4,2,4,3,2,4,5,4,4,4,4,I,S,F,P
SYN-ISFP-046,ISFP,2,2,3,2,2,3,1,3,3,5,5,2,2,3,3,3,I,S,F,P
SYN-ISFP-047,ISFP,5,2,3,3,2,5,3,3,2,1,3,5,3,5,3,4,I,S,F,P
SYN-ISFP-048,ISFP,4,2,2,1,3,3,2,4,4,4,5,4,1,5,3,4,I,S,F,P
SYN-ISFP-049,ISFP,4,4,4,3,3,3,1,2,3,3,1,3,3,3,4,3,I,S,F,P
SYN-ISFP-050,ISFP,4,1,4,2,3,4,3,3,5,3,3,1,2,4,1,3,I,S,F,P
SYN-ISFP-051,ISFP,3,1,3,1,4,3,1,1,3,3,3,3,4,4,4,4,I,S,F,P
SYN-ISFP-052,ISFP,4,2,3,3,3,1,2,2,3,2,1,5,1,2,3,2,I,S,F,P
SYN-ISFP-053,ISFP,4,2,3,2,2,3,2,2,2,2,3,3,2,2,4,2,I,S,F,P
SYN-ISFP-054,ISFP,3,2,3,1,2,2,3,3,1,4,2,3,3,4,3,5,I,S,F,P
SYN-ISFP-055,ISFP,5,3,4,1,1,4,4,5,1,2,2,5,1,4,1,4,I,S,F,P
SYN-ISFP-056,ISFP,3,1,2,5,3,5,2,5,3,3,2,4,2,3,2,5,I,S,F,P
SYN-ISFP-057,ISFP,4,3,4,2,1,3,3,4,3,2,1,3,2,4,2,3,I,S,F,P
SYN-ISFP-058,ISFP,3,2,4,3,5,2,2,2,4,5,2,5,3,5,2,5,I,S,F,P
SYN-ISFP-059,ISFP,5,2,2,1,2,2,4,3,4,3,2,5,2,3,2,4,I,S,F,P
SYN-ISFP-060,ISFP,4,2,3,1,3,2,4,2,2,1,1,5,1,4,2,1,I,S,F,P
SYN-ISFP-061,ISFP,5,4,4,2,1,4,4,4,2,5,1,2,2,5,4,3,I,S,F,P
SYN-ISFP-062,ISFP,2,2,2,2,1,5,1,2,1,4,1,1,2,5,5,5,I,S,F,P
SYN-ISFP-063,ISFP,3,3,5,4,3,3,3,3,1,1,2,4,5,3,4,4,I,S,F,P
SYN-ISFP-064,ISFP,2,1,2,1,3,3,4,2,1,5,1,3,4,2,3,5,I,S,F,P
SYN-ISFP-065,ISFP,4,3,1,1,5,4,2,4,3,5,4,3,2,4,2,3,I,S,F,P
SYN-ISFP-066,ISFP,2,2,2,2,1,4,3,4,4,3,1,4,2,4,5,4,I,S,F,P
SYN-ISFP-067,ISFP,4,3,1,3,1,3,2,3,1,3,2,1,4,2,2,2,I,S,F,P
SYN-ISFP-068,ISFP,4,3,5,2,1,4,2,3,3,2,3,5,3,5,1,3,I,S,F,P
SYN-ISFP-069,ISFP,5,5,4,3,2,4,2,5,3,5,3,2,1,2,5,3,I,S,F,P
SYN-ISFP-070,ISFP,2,2,4,1,4,1,1,2,2,3,1,5,2,2,2,2,I,S,F,P
SYN-ISFP-071,ISFP,5,1,5,2,5,4,2,4,4,4,1,1,1,2,2,3,I,S,F,P
SYN-ISFP-072,ISFP,5,3,5,4,3,4,3,1,2,1,4,4,2,4,2,4,I,S,F,P
SYN-ISFP-073,ISFP,3,2,3,2,1,4,1,3,2,3,3,4,3,2,3,4,I,S,F,P
SYN-ISFP-074,ISFP,5,2,1,3,4,5,3,4,3,4,4,4,3,3,2,3,I,S,F,P
SYN-ISFP-075,ISFP,5,2,2,1,1,3,4,3,1,4,4,3,2,1,1,4,I,S,F,P
SYN-ISFP-076,ISFP,4,1,4,4,1,4,4,5,2,3,1,2,4,3,1,5,I,S,F,P
SYN-ISFP-077,ISFP,2,4,4,3,2,4,1,4,1,3,2,3,3,3,4,3,I,S,F,P
SYN-ISFP-078,ISFP,5,1,4,4,2,4,3,4,2,2,4,1,3,3,4,4,I,S,F,P
SYN-ISFP-079,ISFP,4,3,5,1,1,4,4,1,4,5,2,4,2,5,3,4,I,S,F,P
SYN-ISFP-080,ISFP,4,4,4,2,3,5,1,5,2,3,1,4,1,4,4,3,I,S,F,P
SYN-ISTP-001,ISTP,3,5,4,1,3,5,5,4,1,1,4,3,3,5,2,2,I,S,T,P
SYN-ISTP-002,ISTP,3,3,5,3,2,4,1,2,5,1,5,2,2,5,3,5,I,S,T,P
SYN-ISTP-003,ISTP,5,5,2,4,1,4,1,4,5,1,3,1,4,3,4,3,I,S,T,P
SYN-ISTP-004,ISTP,3,2,3,2,2,5,4,2,2,3,4,2,3,1,4,3,I,S,T,P
SYN-ISTP-005,ISTP,4,4,5,1,2,2,2,3,3,1,1,1,5,2,5,2,I,S,T,P
SYN-ISTP-006,ISTP,5,2,4,3,4,2,3,4,5,3,4,4,2,1,2,4,I,S,T,P
SYN-ISTP-007,ISTP,3,2,3,4,1,4,3,3,4,3,5,5,2,2,2,4,I,S,T,P
SYN-ISTP-008,ISTP,4,2,4,4,1,5,4,2,5,2,5,2,2,2,2,2,I,S,T,P
SYN-ISTP-009,ISTP,4,4,3,2,4,2,2,5,2,3,5,2,1,1,3,3,I,S,T,P
SYN-ISTP-010,ISTP,3,1,2,2,2,3,1,3,3,5,4,1,3,4,3,5,I,S,T,P
SYN-ISTP-011,ISTP,4,3,5,2,3,2,2,3,1,4,5,1,1,5,2,4,I,S,T,P
SYN-ISTP-012,ISTP,5,3,3,2,3,4,1,3,2,1,2,1,1,5,4,5,I,S,T,P
SYN-ISTP-013,ISTP,4,1,2,2,2,3,5,3,3,1,2,1,3,3,1,2,I,S,T,P
SYN-ISTP-014,ISTP,2,4,5,4,2,1,1,4,3,1,5,1,4,4,4,4,I,S,T,P
SYN-ISTP-015,ISTP,5,5,4,1,1,5,4,5,2,1,4,2,3,5,1,4,I,S,T,P
SYN-ISTP-016,ISTP,4,1,4,3,4,3,1,3,4,4,5,2,1,4,2,4,I,S,T,P
SYN-ISTP-017,ISTP,4,4,5,3,1,3,4,4,4,2,4,1,2,5,3,2,I,S,T,P
SYN-ISTP-018,ISTP,5,3,3,2,1,2,3,3,5,1,4,2,4,5,1,1,I,S,T,P
SYN-ISTP-019,ISTP,3,4,3,1,2,4,3,4,4,2,4,2,4,3,3,4,I,S,T,P
SYN-ISTP-020,ISTP,5,2,5,4,2,4,3,3,4,2,2,2,4,4,3,2,I,S,T,P
SYN-ISTP-021,ISTP,3,3,5,2,1,2,3,5,3,4,4,2,4,1,2,2,I,S,T,P
SYN-ISTP-022,ISTP,3,2,4,1,2,1,2,5,5,4,5,2,4,5,2,3,I,S,T,P
SYN-ISTP-023,ISTP,2,4,3,1,4,2,2,4,3,2,1,2,2,3,2,4,I,S,T,P
SYN-ISTP-024,ISTP,3,3,2,4,2,3,1,5,3,3,2,1,1,3,4,4,I,S,T,P
SYN-ISTP-025,ISTP,2,4,4,1,1,2,3,5,5,2,4,3,2,5,3,5,I,S,T,P
SYN-ISTP-026,ISTP,4,1,1,1,1,4,1,5,4,2,3,2,2,4,3,3,I,S,T,P
SYN-ISTP-027,ISTP,3,2,4,3,3,4,3,5,4,3,5,1,2,3,3,2,I,S,T,P
SYN-ISTP-028,ISTP,5,3,4,4,2,3,4,3,4,1,5,1,2,3,2,4,I,S,T,P
SYN-ISTP-029,ISTP,3,2,4,3,2,1,3,3,5,1,1,1,4,3,2,2,I,S,T,P
SYN-ISTP-030,ISTP,5,1,5,2,3,5,3,4,3,2,4,5,1,4,3,4,I,S,T,P
SYN-ISTP-031,ISTP,5,2,2,4,2,5,4,5,4,2,4,4,2,5,1,4,I,S,T,P
SYN-ISTP-032,ISTP,3,1,2,3,2,3,3,4,4,3,5,2,4,5,1,5,I,S,T,P
SYN-ISTP-033,ISTP,2,2,4,1,4,4,3,2,4,2,5,1,1,5,5,3,I,S,T,P
SYN-ISTP-034,ISTP,5,2,5,3,1,4,2,2,2,1,3,4,2,1,2,3,I,S,T,P
SYN-ISTP-035,ISTP,3,5,4,1,2,5,2,4,3,2,2,1,2,5,3,3,I,S,T,P
SYN-ISTP-036,ISTP,2,2,3,3,2,2,2,2,5,2,5,4,1,5,2,5,I,S,T,P
SYN-ISTP-037,ISTP,4,3,4,2,2,2,3,4,5,2,5,4,3,3,3,3,I,S,T,P
SYN-ISTP-038,ISTP,3,1,2,2,1,3,2,3,4,2,2,3,3,2,2,2,I,S,T,P
SYN-ISTP-039,ISTP,4,5,4,2,3,5,3,1,4,2,3,4,1,3,2,2,I,S,T,P
SYN-ISTP-040,ISTP,1,5,5,3,1,5,2,3,2,1,3,3,1,5,3,4,I,S,T,P
SYN-ISTP-041,ISTP,3,1,2,3,3,3,3,2,5,1,3,2,4,4,1,3,I,S,T,P
SYN-ISTP-042,ISTP,5,4,4,4,3,4,1,5,1,4,3,2,2,5,2,3,I,S,T,P
SYN-ISTP-043,ISTP,5,3,2,3,2,5,3,3,4,2,3,4,1,3,1,2,I,S,T,P
SYN-ISTP-044,ISTP,3,2,3,2,3,4,1,3,2,1,5,3,2,4,2,4,I,S,T,P
SYN-ISTP-045,ISTP,5,1,4,2,3,5,3,2,2,4,3,2,2,2,3,2,I,S,T,P
SYN-ISTP-046,ISTP,3,2,4,4,2,3,1,4,3,5,2,3,4,5,2,5,I,S,T,P
SYN-ISTP-047,ISTP,4,2,5,4,3,3,4,2,3,3,3,3,2,5,4,3,I,S,T,P
SYN-ISTP-048,ISTP,4,4,5,2,2,3,2,5,4,4,5,3,3,5,3,4,I,S,T,P
SYN-ISTP-049,ISTP,5,3,4,5,5,4,5,4,4,2,4,2,3,5,1,5,I,S,T,P
SYN-ISTP-050,ISTP,5,2,2,3,3,2,4,1,5,2,5,3,4,5,2,1,I,S,T,P
SYN-ISTP-051,ISTP,4,2,4,3,4,3,2,4,4,1,5,4,1,5,2,4,I,S,T,P
SYN-ISTP-052,ISTP,4,3,5,3,1,5,1,5,5,1,5,1,2,3,3,4,I,S,T,P
SYN-ISTP-053,ISTP,5,4,4,2,2,5,2,4,3,4,4,2,1,4,2,3,I,S,T,P
SYN-ISTP-054,ISTP,5,2,4,1,2,3,3,1,5,3,4,2,3,4,4,2,I,S,T,P
SYN-ISTP-055,ISTP,5,3,5,1,3,4,4,1,4,1,5,1,4,5,2,4,I,S,T,P
SYN-ISTP-056,ISTP,2,1,5,2,3,4,4,4,4,2,4,1,2,2,4,5,I,S,T,P
SYN-ISTP-057,ISTP,4,2,5,2,3,3,2,3,2,2,5,1,4,4,4,4,I,S,T,P
SYN-ISTP-058,ISTP,4,1,5,3,1,3,3,4,4,2,4,3,1,4,2,2,I,S,T,P
SYN-ISTP-059,ISTP,2,1,3,3,1,5,3,2,4,3,5,2,2,5,2,3,I,S,T,P
SYN-ISTP-060,ISTP,4,2,4,1,3,5,1,3,5,1,2,3,3,4,3,2,I,S,T,P
SYN-ISTP-061,ISTP,3,2,3,5,4,5,2,2,1,4,3,2,2,3,3,3,I,S,T,P
SYN-ISTP-062,ISTP,3,1,3,1,3,4,2,4,3,2,4,2,2,2,5,3,I,S,T,P
SYN-ISTP-063,ISTP,3,4,4,3,3,5,1,2,5,1,4,3,5,4,4,4,I,S,T,P
SYN-ISTP-064,ISTP,4,2,4,1,3,4,3,5,1,3,3,1,2,1,4,4,I,S,T,P
SYN-ISTP-065,ISTP,4,3,4,4,5,4,2,3,5,3,3,3,1,1,4,4,I,S,T,P
SYN-ISTP-066,ISTP,4,4,4,3,3,2,5,1,3,3,4,3,2,5,3,5,I,S,T,P
SYN-ISTP-067,ISTP,3,4,5,3,1,4,4,4,5,2,3,2,3,3,5,4,I,S,T,P
SYN-ISTP-068,ISTP,5,3,5,3,3,5,2,2,5,1,5,2,2,1,3,4,I,S,T,P
SYN-ISTP-069,ISTP,4,4,3,2,2,3,1,5,2,2,4,4,2,5,3,4,I,S,T,P
SYN-ISTP-070,ISTP,3,4,4,4,4,1,4,3,5,2,5,2,2,5,2,1,I,S,T,P
SYN-ISTP-071,ISTP,4,5,3,1,3,2,3,2,3,3,4,4,5,4,2,4,I,S,T,P
SYN-ISTP-072,ISTP,2,2,4,4,2,5,1,4,4,3,5,2,3,1,1,3,I,S,T,P
SYN-ISTP-073,ISTP,2,2,5,2,2,4,2,2,4,1,4,3,2,3,3,4,I,S,T,P
SYN-ISTP-074,ISTP,4,1,2,1,5,4,2,3,4,1,3,3,2,3,2,4,I,S,T,P
SYN-ISTP-075,ISTP,5,5,4,4,1,2,2,5,5,3,3,3,2,3,3,4,I,S,T,P
SYN-ISTP-076,ISTP,5,3,3,2,3,4,4,5,5,3,3,1,3,3,1,4,I,S,T,P
SYN-ISTP-077,ISTP,4,3,5,2,4,2,3,4,4,4,5,1,4,2,4,3,I,S,T,P
SYN-ISTP-078,ISTP,5,1,2,3,2,5,2,3,4,2,2,3,2,2,2,5,I,S,T,P
SYN-ISTP-079,ISTP,5,2,3,1,1,3,3,5,4,2,3,3,2,4,1,4,I,S,T,P
SYN-ISTP-080,ISTP,2,4,4,1,1,4,2,1,5,3,3,1,2,3,1,3,I,S,T,P
SYN-ISFJ-001,ISFJ,4,3,4,5,5,5,3,4,3,4,2,2,4,4,5,3,I,S,F,J
SYN-ISFJ-002,ISFJ,3,2,4,4,4,4,1,4,2,4,2,3,4,2,3,5,I,S,F,J
SYN-ISFJ-003,ISFJ,3,3,4,3,3,4,1,5,1,4,1,3,4,4,3,3,I,S,F,J
SYN-ISFJ-004,ISFJ,3,1,1,1,1,4,1,2,2,3,3,3,2,2,3,4,I,S,F,J
SYN-ISFJ-005,ISFJ,5,2,5,3,2,3,4,4,1,5,3,5,3,3,5,3,I,S,F,J
SYN-ISFJ-006,ISFJ,4,1,2,1,3,4,2,5,2,5,4,5,5,4,3,3,I,S,F,J
SYN-ISFJ-007,ISFJ,4,1,5,2,3,5,3,2,3,1,4,4,3,2,5,3,I,S,F,J
SYN-ISFJ-008,ISFJ,4,2,2,2,1,5,3,2,2,5,1,3,3,2,1,1,I,S,F,J
SYN-ISFJ-009,ISFJ,5,1,3,4,2,4,2,3,1,4,1,5,3,3,4,2,I,S,F,J
SYN-ISFJ-010,ISFJ,4,2,4,1,1,3,2,4,1,3,2,2,4,2,3,4,I,S,F,J
SYN-ISFJ-011,ISFJ,5,2,5,2,3,3,4,4,1,3,4,5,5,4,3,1,I,S,F,J
SYN-ISFJ-012,ISFJ,4,2,5,2,1,4,2,4,2,1,3,5,4,2,5,2,I,S,F,J
SYN-ISFJ-013,ISFJ,3,2,4,3,1,4,1,3,1,2,1,1,2,2,3,2,I,S,F,J
SYN-ISFJ-014,ISFJ,3,1,4,3,3,3,1,2,5,3,2,3,5,1,4,3,I,S,F,J
SYN-ISFJ-015,ISFJ,3,2,4,4,4,4,2,5,1,3,2,3,5,4,5,2,I,S,F,J
SYN-ISFJ-016,ISFJ,4,4,5,2,1,4,1,4,2,2,2,5,4,1,5,3,I,S,F,J
SYN-ISFJ-017,ISFJ,4,2,5,1,1,4,1,3,4,3,4,4,2,2,3,5,I,S,F,J
SYN-ISFJ-018,ISFJ,4,2,5,1,3,3,2,3,4,5,3,5,1,2,1,1,I,S,F,J
SYN-ISFJ-019,ISFJ,4,5,4,3,3,3,2,4,3,4,2,3,2,2,5,2,I,S,F,J
SYN-ISFJ-020,ISFJ,3,1,4,1,1,5,4,3,1,5,3,4,5,3,4,3,I,S,F,J
SYN-ISFJ-021,ISFJ,5,3,5,2,2,5,1,4,2,5,3,5,3,4,1,2,I,S,F,J
SYN-ISFJ-022,ISFJ,2,4,5,1,2,5,3,3,1,2,2,3,5,2,5,1,I,S,F,J
SYN-ISFJ-023,ISFJ,3,2,4,1,1,2,5,5,2,4,4,4,3,2,1,4,I,S,F,J
SYN-ISFJ-024,ISFJ,4,2,5,1,1,3,1,4,3,3,4,3,3,2,4,1,I,S,F,J
SYN-ISFJ-025,ISFJ,5,4,4,1,2,3,3,2,3,2,1,2,4,2,5,1,I,S,F,J
SYN-ISFJ-026,ISFJ,3,2,3,1,2,3,3,4,3,3,2,4,3,1,2,2,I,S,F,J
SYN-ISFJ-027,ISFJ,2,2,4,2,5,5,2,5,3,4,5,4,2,2,3,1,I,S,F,J
SYN-ISFJ-028,ISFJ,5,3,3,5,4,2,4,4,1,4,1,3,3,4,5,2,I,S,F,J
SYN-ISFJ-029,ISFJ,3,1,4,2,4,3,2,2,3,3,2,5,4,2,5,1,I,S,F,J
SYN-ISFJ-030,ISFJ,2,3,2,3,1,2,3,4,2,4,1,5,5,2,3,3,I,S,F,J
SYN-ISFJ-031,ISFJ,4,2,4,4,1,2,1,5,3,4,4,3,4,2,5,2,I,S,F,J
SYN-ISFJ-032,ISFJ,4,4,3,1,4,3,3,4,2,3,5,4,4,3,4,3,I,S,F,J
SYN-ISFJ-033,ISFJ,4,3,5,3,3,4,3,2,4,3,1,3,2,4,4,3,I,S,F,J
SYN-ISFJ-034,ISFJ,4,1,4,1,4,2,4,4,1,2,3,2,5,3,4,1,I,S,F,J
SYN-ISFJ-035,ISFJ,3,2,2,2,4,2,5,3,1,3,4,4,2,4,1,2,I,S,F,J
SYN-ISFJ-036,ISFJ,4,3,4,4,4,4,2,5,2,2,3,5,4,1,2,1,I,S,F,J
SYN-ISFJ-037,ISFJ,5,1,2,1,2,5,1,3,3,5,1,4,5,1,2,1,I,S,F,J
SYN-ISFJ-038,ISFJ,2,4,3,2,2,3,3,4,1,5,1,4,2,2,1,2,I,S,F,J
SYN-ISFJ-039,ISFJ,2,1,3,1,2,4,3,5,4,3,3,5,2,3,5,2,I,S,F,J
SYN-ISFJ-040,ISFJ,4,1,3,1,2,2,4,2,2,4,2,3,1,4,3,1,I,S,F,J
SYN-ISFJ-041,ISFJ,4,1,4,2,3,3,3,3,3,4,1,4,3,3,5,2,I,S,F,J
SYN-ISFJ-042,ISFJ,5,1,5,1,5,3,2,4,3,4,3,4,1,2,2,1,I,S,F,J
SYN-ISFJ-043,ISFJ,3,2,3,1,1,4,1,4,2,4,3,5,5,4,5,4,I,S,F,J
SYN-ISFJ-044,ISFJ,2,2,3,2,2,4,2,2,3,2,2,2,5,2,2,4,I,S,F,J
SYN-ISFJ-045,ISFJ,4,3,2,3,4,3,2,4,4,3,2,3,3,2,5,1,I,S,F,J
SYN-ISFJ-046,ISFJ,4,2,3,4,1,3,1,5,1,5,1,2,5,5,5,3,I,S,F,J
SYN-ISFJ-047,ISFJ,2,3,1,5,3,4,1,1,3,3,1,3,4,4,3,1,I,S,F,J
SYN-ISFJ-048,ISFJ,5,5,5,4,1,5,4,3,4,3,2,3,5,2,4,4,I,S,F,J
SYN-ISFJ-049,ISFJ,4,2,2,2,2,4,2,2,4,4,2,2,4,2,1,1,I,S,F,J
SYN-ISFJ-050,ISFJ,4,1,3,1,1,3,3,3,2,4,2,5,5,1,4,2,I,S,F,J
SYN-ISFJ-051,ISFJ,3,5,2,5,4,2,3,4,3,1,5,4,5,1,3,1,I,S,F,J
SYN-ISFJ-052,ISFJ,5,1,4,2,1,5,4,2,3,3,4,4,4,1,3,2,I,S,F,J
SYN-ISFJ-053,ISFJ,3,3,3,3,3,5,4,5,5,2,3,4,3,3,5,2,I,S,F,J
SYN-ISFJ-054,ISFJ,4,3,5,4,3,3,1,3,5,2,2,2,3,2,4,5,I,S,F,J
SYN-ISFJ-055,ISFJ,5,2,3,4,4,3,4,3,4,4,2,4,3,2,5,3,I,S,F,J
SYN-ISFJ-056,ISFJ,3,2,3,2,2,2,4,5,4,5,1,4,4,1,5,5,I,S,F,J
SYN-ISFJ-057,ISFJ,5,2,5,4,1,4,4,3,4,1,1,3,5,2,4,3,I,S,F,J
SYN-ISFJ-058,ISFJ,4,4,3,3,3,4,3,5,1,4,4,2,5,4,5,2,I,S,F,J
SYN-ISFJ-059,ISFJ,3,3,1,3,1,4,3,4,2,4,2,3,2,1,5,2,I,S,F,J
SYN-ISFJ-060,ISFJ,4,3,4,3,2,3,2,2,3,3,3,3,2,3,5,2,I,S,F,J
SYN-ISFJ-061,ISFJ,1,2,5,2,2,4,2,3,4,2,2,3,3,2,3,2,I,S,F,J
SYN-ISFJ-062,ISFJ,5,5,4,3,2,2,2,1,2,3,5,4,3,1,1,3,I,S,F,J
SYN-ISFJ-063,ISFJ,2,2,5,1,2,4,2,3,2,5,3,4,5,1,5,3,I,S,F,J
SYN-ISFJ-064,ISFJ,2,2,2,2,3,5,2,4,4,4,2,4,2,2,2,5,I,S,F,J
SYN-ISFJ-065,ISFJ,1,1,5,2,2,4,2,5,4,1,3,4,4,4,5,2,I,S,F,J
SYN-ISFJ-066,ISFJ,3,3,1,5,2,4,3,4,4,1,4,5,4,3,2,3,I,S,F,J
SYN-ISFJ-067,ISFJ,1,3,2,5,1,4,3,3,4,2,5,5,3,2,4,2,I,S,F,J
SYN-ISFJ-068,ISFJ,4,2,3,3,1,5,2,3,5,4,1,5,2,3,5,5,I,S,F,J
SYN-ISFJ-069,ISFJ,5,2,1,2,4,4,3,1,2,5,1,5,2,3,4,3,I,S,F,J
SYN-ISFJ-070,ISFJ,5,3,5,2,1,2,1,4,1,3,3,5,4,2,4,3,I,S,F,J
SYN-ISFJ-071,ISFJ,3,2,4,1,2,3,4,4,1,4,3,5,4,3,1,1,I,S,F,J
SYN-ISFJ-072,ISFJ,4,4,3,1,3,4,1,5,2,5,5,2,1,3,4,2,I,S,F,J
SYN-ISFJ-073,ISFJ,5,5,2,1,1,4,3,2,2,5,2,3,5,2,3,1,I,S,F,J
SYN-ISFJ-074,ISFJ,4,2,3,3,1,3,1,5,4,4,3,3,4,1,5,1,I,S,F,J
SYN-ISFJ-075,ISFJ,4,5,5,1,2,3,3,5,2,4,2,5,2,2,2,3,I,S,F,J
SYN-ISFJ-076,ISFJ,3,3,3,4,1,4,1,4,3,4,2,2,5,4,3,1,I,S,F,J
SYN-ISFJ-077,ISFJ,3,2,1,2,4,4,4,5,3,4,2,3,4,2,4,2,I,S,F,J
SYN-ISFJ-078,ISFJ,5,2,1,2,1,4,1,2,1,5,1,4,2,3,5,5,I,S,F,J
SYN-ISFJ-079,ISFJ,4,2,5,2,4,4,1,5,2,5,3,4,4,2,4,3,I,S,F,J
SYN-ISFJ-080,ISFJ,2,3,4,1,2,4,3,4,2,2,2,5,3,1,4,2,I,S,F,J
SYN-ISTJ-001,ISTJ,3,2,3,2,1,4,5,4,2,1,5,3,3,2,4,2,I,S,T,J
SYN-ISTJ-002,ISTJ,2,3,1,1,3,2,4,4,5,2,4,1,1,3,1,3,I,S,T,J
SYN-ISTJ-003,ISTJ,2,5,5,1,2,5,2,2,5,3,5,2,5,2,5,4,I,S,T,J
SYN-ISTJ-004,ISTJ,3,4,5,5,3,5,2,4,2,2,5,3,5,1,5,4,I,S,T,J
SYN-ISTJ-005,ISTJ,4,4,5,4,1,3,2,3,2,1,5,3,2,4,4,1,I,S,T,J
SYN-ISTJ-006,ISTJ,3,1,3,4,2,4,3,3,5,2,4,3,3,3,3,5,I,S,T,J
SYN-ISTJ-007,ISTJ,5,2,3,1,3,2,3,5,5,2,5,2,4,2,3,2,I,S,T,J
SYN-ISTJ-008,ISTJ,4,4,5,2,5,2,2,4,4,2,3,4,4,1,4,1,I,S,T,J
SYN-ISTJ-009,ISTJ,4,3,5,4,3,2,2,2,5,2,4,3,4,2,5,2,I,S,T,J
SYN-ISTJ-010,ISTJ,3,1,3,3,4,5,2,3,4,2,3,2,4,1,3,2,I,S,T,J
SYN-ISTJ-011,ISTJ,3,5,4,1,1,5,3,3,3,1,3,3,1,4,3,1,I,S,T,J
SYN-ISTJ-012,ISTJ,4,1,4,2,4,4,2,2,5,3,2,4,4,3,4,3,I,S,T,J
SYN-ISTJ-013,ISTJ,2,3,3,3,2,4,2,5,3,4,4,2,3,1,5,2,I,S,T,J
SYN-ISTJ-014,ISTJ,3,2,3,4,3,2,2,2,3,1,3,3,2,3,3,1,I,S,T,J
SYN-ISTJ-015,ISTJ,3,2,1,3,3,1,3,4,3,2,2,4,4,1,2,3,I,S,T,J
SYN-ISTJ-016,ISTJ,3,1,5,3,4,2,3,3,2,1,4,3,5,5,4,2,I,S,T,J
SYN-ISTJ-017,ISTJ,5,3,5,3,3,4,3,5,4,4,5,3,5,3,4,5,I,S,T,J
SYN-ISTJ-018,ISTJ,4,1,4,5,4,2,5,3,5,3,1,2,3,2,3,3,I,S,T,J
SYN-ISTJ-019,ISTJ,3,2,4,1,2,4,3,5,2,3,4,2,5,1,2,1,I,S,T,J
SYN-ISTJ-020,ISTJ,3,2,1,1,2,4,2,4,5,4,5,2,3,3,4,2,I,S,T,J
SYN-ISTJ-021,ISTJ,5,3,4,2,2,5,2,2,5,4,5,1,4,1,3,5,I,S,T,J
SYN-ISTJ-022,ISTJ,2,2,3,4,3,2,2,4,2,2,4,2,3,1,4,1,I,S,T,J
SYN-ISTJ-023,ISTJ,4,4,4,3,2,3,5,2,3,2,4,3,3,1,4,4,I,S,T,J
SYN-ISTJ-024,ISTJ,4,1,3,1,4,3,3,4,3,4,4,1,2,3,5,1,I,S,T,J
SYN-ISTJ-025,ISTJ,5,3,2,2,3,2,3,4,4,2,3,2,4,1,3,1,I,S,T,J
SYN-ISTJ-026,ISTJ,1,2,5,1,4,5,3,4,1,5,4,2,1,3,4,3,I,S,T,J
SYN-ISTJ-027,ISTJ,2,1,4,2,1,3,1,2,4,2,4,1,5,2,4,3,I,S,T,J
SYN-ISTJ-028,ISTJ,4,4,5,1,3,4,1,4,4,4,3,3,5,5,1,4,I,S,T,J
SYN-ISTJ-029,ISTJ,5,3,1,2,4,4,2,2,2,1,5,4,4,2,5,3,I,S,T,J
SYN-ISTJ-030,ISTJ,3,4,1,2,2,4,3,3,3,2,4,2,3,2,4,2,I,S,T,J
SYN-ISTJ-031,ISTJ,4,3,5,1,4,4,2,3,1,4,5,1,3,3,5,3,I,S,T,J
SYN-ISTJ-032,ISTJ,1,2,4,2,1,4,3,4,4,2,4,3,3,1,4,5,I,S,T,J
SYN-ISTJ-033,ISTJ,2,3,4,3,5,1,1,4,3,3,1,3,4,3,3,1,I,S,T,J
SYN-ISTJ-034,ISTJ,4,3,5,1,2,4,2,4,4,2,3,2,4,3,2,1,I,S,T,J
SYN-ISTJ-035,ISTJ,3,2,4,3,3,3,5,4,5,1,4,3,3,4,3,1,I,S,T,J
SYN-ISTJ-036,ISTJ,4,3,4,3,2,3,2,3,2,5,5,3,3,1,5,3,I,S,T,J
SYN-ISTJ-037,ISTJ,5,3,3,2,5,4,2,4,5,2,4,1,3,2,3,2,I,S,T,J
SYN-ISTJ-038,ISTJ,4,2,4,2,2,4,1,3,3,4,3,1,4,1,3,2,I,S,T,J
SYN-ISTJ-039,ISTJ,5,2,5,3,3,3,2,4,2,1,5,2,3,1,2,1,I,S,T,J
SYN-ISTJ-040,ISTJ,5,2,1,1,5,2,2,3,2,1,4,2,2,2,1,1,I,S,T,J
SYN-ISTJ-041,ISTJ,4,5,4,5,5,4,2,5,4,4,2,2,3,3,4,5,I,S,T,J
SYN-ISTJ-042,ISTJ,2,3,2,1,2,5,3,3,1,1,4,4,3,4,5,3,I,S,T,J
SYN-ISTJ-043,ISTJ,3,1,2,4,2,3,2,3,3,1,3,2,3,3,1,2,I,S,T,J
SYN-ISTJ-044,ISTJ,2,3,2,3,1,5,2,4,3,2,1,2,5,3,5,3,I,S,T,J
SYN-ISTJ-045,ISTJ,4,3,3,2,1,5,1,4,4,1,5,1,3,4,1,3,I,S,T,J
SYN-ISTJ-046,ISTJ,3,4,5,2,2,5,1,2,1,4,4,2,3,1,2,4,I,S,T,J
SYN-ISTJ-047,ISTJ,4,2,3,5,3,4,2,3,5,1,4,3,5,1,2,2,I,S,T,J
SYN-ISTJ-048,ISTJ,5,1,3,2,3,5,3,4,3,2,5,4,3,1,4,2,I,S,T,J
SYN-ISTJ-049,ISTJ,4,5,4,4,3,4,4,3,4,3,5,2,4,4,2,2,I,S,T,J
SYN-ISTJ-050,ISTJ,5,4,3,2,3,4,5,5,2,1,4,2,4,4,1,3,I,S,T,J
SYN-ISTJ-051,ISTJ,5,3,3,1,1,5,1,1,4,2,5,1,5,2,4,1,I,S,T,J
SYN-ISTJ-052,ISTJ,3,4,4,3,2,3,3,3,5,4,2,2,2,5,3,2,I,S,T,J
SYN-ISTJ-053,ISTJ,5,1,5,4,1,4,1,2,2,2,3,3,5,3,3,1,I,S,T,J
SYN-ISTJ-054,ISTJ,3,3,2,3,4,5,2,2,5,2,4,1,2,4,4,3,I,S,T,J
SYN-ISTJ-055,ISTJ,1,4,2,2,3,3,2,5,4,5,3,1,4,2,2,2,I,S,T,J
SYN-ISTJ-056,ISTJ,5,2,5,2,1,2,1,4,3,2,4,3,5,2,3,2,I,S,T,J
SYN-ISTJ-057,ISTJ,3,4,3,2,2,4,1,3,2,2,4,5,1,3,3,1,I,S,T,J
SYN-ISTJ-058,ISTJ,4,1,4,1,3,5,2,1,3,1,3,2,2,3,2,2,I,S,T,J
SYN-ISTJ-059,ISTJ,3,4,5,3,1,3,3,4,2,1,3,2,5,4,4,2,I,S,T,J
SYN-ISTJ-060,ISTJ,2,1,4,3,5,2,3,3,2,1,2,1,3,3,4,3,I,S,T,J
SYN-ISTJ-061,ISTJ,3,4,3,2,5,3,3,3,5,5,3,2,2,2,3,2,I,S,T,J
SYN-ISTJ-062,ISTJ,5,3,2,4,2,4,3,5,3,2,3,1,1,5,3,2,I,S,T,J
SYN-ISTJ-063,ISTJ,3,1,3,2,3,2,4,3,3,4,5,3,4,4,4,4,I,S,T,J
SYN-ISTJ-064,ISTJ,1,1,4,1,3,2,2,5,1,1,4,1,2,2,4,1,I,S,T,J
SYN-ISTJ-065,ISTJ,4,2,4,3,2,4,1,2,5,1,5,1,5,1,4,4,I,S,T,J
SYN-ISTJ-066,ISTJ,2,3,5,2,4,5,4,5,4,2,5,3,5,4,4,4,I,S,T,J
SYN-ISTJ-067,ISTJ,2,1,2,1,1,2,3,5,2,2,4,3,5,1,3,4,I,S,T,J
SYN-ISTJ-068,ISTJ,2,1,4,4,1,4,4,3,3,1,2,3,5,1,4,2,I,S,T,J
SYN-ISTJ-069,ISTJ,5,1,5,2,5,4,2,5,4,2,2,2,4,3,5,1,I,S,T,J
SYN-ISTJ-070,ISTJ,4,1,4,3,3,4,5,5,2,4,4,2,3,1,5,5,I,S,T,J
SYN-ISTJ-071,ISTJ,5,2,5,3,2,2,2,4,2,4,5,3,4,1,5,1,I,S,T,J
SYN-ISTJ-072,ISTJ,4,3,3,2,5,1,4,5,4,2,5,4,2,2,3,1,I,S,T,J
SYN-ISTJ-073,ISTJ,4,2,2,2,3,2,4,3,4,3,5,3,5,2,4,1,I,S,T,J
SYN-ISTJ-074,ISTJ,2,2,4,4,2,5,3,4,5,4,4,3,2,2,3,2,I,S,T,J
SYN-ISTJ-075,ISTJ,4,3,4,2,3,4,4,3,3,2,3,1,3,3,4,3,I,S,T,J
SYN-ISTJ-076,ISTJ,4,3,4,4,3,4,3,3,3,3,4,1,2,5,5,2,I,S,T,J
SYN-ISTJ-077,ISTJ,2,2,4,4,3,5,3,5,2,1,3,5,5,2,2,1,I,S,T,J
SYN-ISTJ-078,ISTJ,2,2,2,2,2,5,5,5,4,2,5,5,1,1,4,3,I,S,T,J
SYN-ISTJ-079,ISTJ,3,2,2,3,1,3,3,5,3,3,3,5,5,3,2,2,I,S,T,J
SYN-ISTJ-080,ISTJ,4,1,2,1,5,3,2,5,4,1,3,3,2,1,5,1,I,S,T,J
SYN-ESTP-001,ESTP,1,5,1,2,2,2,3,5,2,2,4,3,4,2,2,4,E,S,T,P
SYN-ESTP-002,ESTP,2,4,2,4,4,4,4,4,4,1,5,1,5,1,1,4,E,S,T,P
SYN-ESTP-003,ESTP,4,3,4,5,2,3,3,2,2,2,5,2,1,4,1,3,E,S,T,P
SYN-ESTP-004,ESTP,1,2,3,4,2,4,2,4,3,2,4,2,1,4,2,4,E,S,T,P
SYN-ESTP-005,ESTP,5,1,2,4,1,4,4,3,1,5,3,2,3,2,1,5,E,S,T,P
SYN-ESTP-006,ESTP,3,3,1,3,1,4,2,4,4,4,4,2,1,3,1,2,E,S,T,P
SYN-ESTP-007,ESTP,4,4,2,4,4,2,3,4,3,5,4,4,1,3,3,4,E,S,T,P
SYN-ESTP-008,ESTP,4,3,1,4,3,2,3,5,4,1,3,1,1,4,3,4,E,S,T,P
SYN-ESTP-009,ESTP,2,3,3,4,3,3,4,4,5,1,5,4,4,4,4,5,E,S,T,P
SYN-ESTP-010,ESTP,5,4,2,3,2,5,3,5,5,1,5,3,3,5,1,5,E,S,T,P
SYN-ESTP-011,ESTP,1,4,3,5,2,4,1,2,3,1,4,2,4,4,5,3,E,S,T,P
SYN-ESTP-012,ESTP,2,5,3,5,3,2,4,1,5,1,4,5,2,3,4,4,E,S,T,P
SYN-ESTP-013,ESTP,2,3,4,3,1,5,2,3,4,4,4,3,3,2,4,5,E,S,T,P
SYN-ESTP-014,ESTP,1,1,2,2,3,4,2,5,4,1,3,2,3,4,1,1,E,S,T,P
SYN-ESTP-015,ESTP,3,3,3,4,2,3,2,4,4,1,5,1,3,2,2,1,E,S,T,P
SYN-ESTP-016,ESTP,2,4,1,5,4,4,1,5,1,4,4,2,3,2,4,4,E,S,T,P
SYN-ESTP-017,ESTP,3,2,5,1,3,5,3,3,3,3,4,2,2,5,2,2,E,S,T,P
SYN-ESTP-018,ESTP,3,5,1,4,2,5,5,5,4,3,4,3,3,4,1,2,E,S,T,P
SYN-ESTP-019,ESTP,1,5,1,3,1,2,2,4,4,2,3,3,1,3,1,4,E,S,T,P
SYN-ESTP-020,ESTP,1,2,3,2,4,2,4,2,5,1,4,1,3,5,3,3,E,S,T,P
SYN-ESTP-021,ESTP,3,3,3,4,1,2,2,5,4,4,5,4,4,2,2,3,E,S,T,P
SYN-ESTP-022,ESTP,4,5,2,4,2,2,1,3,4,2,5,3,3,5,3,3,E,S,T,P
SYN-ESTP-023,ESTP,5,2,1,4,2,5,1,3,3,1,2,2,2,4,4,2,E,S,T,P
SYN-ESTP-024,ESTP,1,5,2,2,2,2,4,3,5,2,4,3,2,5,3,4,E,S,T,P
SYN-ESTP-025,ESTP,2,1,3,4,1,4,5,5,5,1,3,2,1,3,1,5,E,S,T,P
SYN-ESTP-026,ESTP,4,2,2,3,1,2,2,4,1,4,3,3,1,4,3,5,E,S,T,P
SYN-ESTP-027,ESTP,1,2,3,2,3,5,2,4,2,3,4,3,2,1,3,4,E,S,T,P
SYN-ESTP-028,ESTP,2,4,4,3,4,2,1,3,2,3,3,1,3,4,4,2,E,S,T,P
SYN-ESTP-029,ESTP,2,2,3,5,3,2,2,5,3,1,4,3,3,4,3,5,E,S,T,P
SYN-ESTP-030,ESTP,2,4,4,3,3,3,1,1,5,3,2,2,2,2,2,1,E,S,T,P
SYN-ESTP-031,ESTP,2,2,2,3,4,2,5,5,5,3,1,1,2,4,3,5,E,S,T,P
SYN-ESTP-032,ESTP,2,3,2,3,1,1,3,5,1,5,4,1,1,4,2,1,E,S,T,P
SYN-ESTP-033,ESTP,3,3,4,3,1,3,1,4,4,1,4,2,1,4,1,3,E,S,T,P
SYN-ESTP-034,ESTP,2,4,2,5,4,5,4,4,3,3,5,2,3,2,1,5,E,S,T,P
SYN-ESTP-035,ESTP,4,4,1,5,1,4,3,1,5,1,4,1,1,3,2,1,E,S,T,P
SYN-ESTP-036,ESTP,4,3,1,5,2,5,4,3,5,3,2,2,1,5,5,4,E,S,T,P
SYN-ESTP-037,ESTP,2,5,2,1,1,5,2,2,4,3,2,4,2,4,3,4,E,S,T,P
SYN-ESTP-038,ESTP,1,4,2,5,2,4,3,2,2,1,2,4,1,4,3,4,E,S,T,P
SYN-ESTP-039,ESTP,4,2,2,4,2,5,3,3,4,1,3,2,2,3,3,2,E,S,T,P
SYN-ESTP-040,ESTP,2,4,3,2,3,3,4,3,5,5,3,3,5,3,5,4,E,S,T,P
SYN-ESTP-041,ESTP,4,2,3,4,4,5,4,5,5,3,1,4,3,1,4,5,E,S,T,P
SYN-ESTP-042,ESTP,1,3,3,3,1,4,3,2,3,2,4,4,3,3,2,1,E,S,T,P
SYN-ESTP-043,ESTP,2,2,1,4,3,3,1,5,4,1,1,3,5,4,4,3,E,S,T,P
SYN-ESTP-044,ESTP,2,4,2,3,1,4,4,2,4,5,3,5,5,5,3,2,E,S,T,P
SYN-ESTP-045,ESTP,2,5,4,1,4,5,4,5,3,2,5,3,3,4,5,4,E,S,T,P
SYN-ESTP-046,ESTP,2,5,3,2,4,3,2,3,3,2,4,2,4,4,1,3,E,S,T,P
SYN-ESTP-047,ESTP,3,2,3,2,3,1,1,3,2,3,3,4,2,4,3,1,E,S,T,P
SYN-ESTP-048,ESTP,1,4,2,3,2,5,1,4,5,3,3,2,4,2,3,4,E,S,T,P
SYN-ESTP-049,ESTP,2,2,2,2,3,1,4,5,2,4,5,1,4,3,1,4,E,S,T,P
SYN-ESTP-050,ESTP,1,5,4,2,2,4,4,5,3,3,4,1,4,2,2,3,E,S,T,P
SYN-ESTP-051,ESTP,2,5,2,4,2,4,2,5,3,4,4,2,1,4,3,4,E,S,T,P
SYN-ESTP-052,ESTP,4,5,3,4,3,4,3,3,5,1,3,3,4,4,5,4,E,S,T,P
SYN-ESTP-053,ESTP,1,4,4,5,1,2,3,2,2,2,4,3,2,2,4,2,E,S,T,P
SYN-ESTP-054,ESTP,5,3,1,5,4,3,4,4,2,3,2,5,1,4,5,5,E,S,T,P
SYN-ESTP-055,ESTP,2,3,2,3,3,5,5,3,5,3,5,3,2,4,2,2,E,S,T,P
SYN-ESTP-056,ESTP,4,2,2,3,1,2,2,4,4,1,5,3,1,1,2,5,E,S,T,P
SYN-ESTP-057,ESTP,2,3,2,2,1,3,3,3,2,3,3,4,3,3,1,5,E,S,T,P
SYN-ESTP-058,ESTP,3,4,1,3,4,5,3,4,4,1,3,2,1,2,2,2,E,S,T,P
SYN-ESTP-059,ESTP,3,2,1,3,3,5,4,4,4,4,5,1,1,3,2,5,E,S,T,P
SYN-ESTP-060,ESTP,4,2,2,1,1,2,1,2,2,3,3,1,2,3,2,5,E,S,T,P
SYN-ESTP-061,ESTP,3,3,2,2,2,2,3,1,3,3,4,1,3,2,2,5,E,S,T,P
SYN-ESTP-062,ESTP,3,2,2,2,3,1,1,5,2,3,5,2,2,2,1,5,E,S,T,P
SYN-ESTP-063,ESTP,3,5,1,3,5,3,3,5,4,1,5,4,2,2,3,4,E,S,T,P
SYN-ESTP-064,ESTP,2,5,3,1,1,3,3,2,4,4,4,4,1,2,3,1,E,S,T,P
SYN-ESTP-065,ESTP,2,2,4,3,2,2,3,3,1,2,2,1,1,5,3,3,E,S,T,P
SYN-ESTP-066,ESTP,1,3,1,4,2,1,1,3,5,1,4,1,2,3,1,5,E,S,T,P
SYN-ESTP-067,ESTP,3,4,1,2,4,5,2,5,1,4,1,2,2,2,1,3,E,S,T,P
SYN-ESTP-068,ESTP,4,3,1,5,2,3,2,3,1,4,3,1,3,4,2,5,E,S,T,P
SYN-ESTP-069,ESTP,4,3,2,2,2,4,2,2,1,2,4,2,1,2,2,3,E,S,T,P
SYN-ESTP-070,ESTP,3,3,1,4,2,5,2,2,3,4,2,3,1,1,5,2,E,S,T,P
SYN-ESTP-071,ESTP,3,3,2,2,1,5,2,3,4,5,5,3,2,2,2,5,E,S,T,P
SYN-ESTP-072,ESTP,2,3,2,5,2,2,3,4,4,3,3,2,1,5,4,3,E,S,T,P
SYN-ESTP-073,ESTP,4,2,3,2,3,2,2,5,2,2,3,4,3,1,2,2,E,S,T,P
SYN-ESTP-074,ESTP,4,5,2,4,1,5,2,4,5,2,4,2,2,5,2,4,E,S,T,P
SYN-ESTP-075,ESTP,4,4,5,1,3,4,3,2,1,1,2,1,3,3,4,2,E,S,T,P
SYN-ESTP-076,ESTP,5,4,1,3,1,4,1,3,2,3,3,2,1,2,2,4,E,S,T,P
SYN-ESTP-077,ESTP,3,4,1,2,5,1,1,4,3,3,4,2,1,5,4,4,E,S,T,P
SYN-ESTP-078,ESTP,5,5,3,4,2,3,2,4,5,1,3,1,1,4,2,5,E,S,T,P
SYN-ESTP-079,ESTP,2,5,1,4,2,5,4,2,1,2,3,1,1,5,2,3,E,S,T,P
SYN-ESTP-080,ESTP,3,3,1,5,1,3,4,4,2,2,4,3,3,3,3,5,E,S,T,P
SYN-ESFP-001,ESFP,3,3,2,3,1,4,1,5,2,3,3,4,3,5,2,3,E,S,F,P
SYN-ESFP-002,ESFP,1,4,4,3,1,2,4,3,2,3,3,3,2,1,3,3,E,S,F,P
SYN-ESFP-003,ESFP,2,3,4,3,3,3,4,2,3,3,2,2,3,1,1,4,E,S,F,P
SYN-ESFP-004,ESFP,2,4,4,3,2,5,4,3,4,4,2,5,1,3,1,5,E,S,F,P
SYN-ESFP-005,ESFP,4,3,4,5,3,4,2,5,3,4,1,3,1,1,4,2,E,S,F,P
SYN-ESFP-006,ESFP,3,4,4,2,1,5,3,4,2,3,1,4,4,4,3,3,E,S,F,P
SYN-ESFP-007,ESFP,1,4,3,3,3,1,5,4,2,5,4,5,1,2,1,4,E,S,F,P
SYN-ESFP-008,ESFP,5,5,1,4,2,3,3,4,2,2,2,4,1,3,1,4,E,S,F,P
SYN-ESFP-009,ESFP,2,5,2,4,3,3,4,3,1,4,2,1,1,4,1,2,E,S,F,P
SYN-ESFP-010,ESFP,2,4,1,5,3,3,3,3,4,3,3,2,5,4,4,4,E,S,F,P
SYN-ESFP-011,ESFP,2,3,5,4,3,3,4,4,1,3,4,4,2,3,3,5,E,S,F,P
SYN-ESFP-012,ESFP,1,5,2,4,2,5,1,2,1,5,1,5,4,2,4,5,E,S,F,P
SYN-ESFP-013,ESFP,1,3,5,5,5,3,2,5,2,5,3,2,2,5,5,4,E,S,F,P
SYN-ESFP-014,ESFP,3,2,1,5,2,4,1,4,2,3,4,1,4,1,4,2,E,S,F,P
SYN-ESFP-015,ESFP,2,4,3,2,1,1,3,1,2,1,3,3,1,5,2,3,E,S,F,P
SYN-ESFP-016,ESFP,1,4,3,4,1,2,2,3,1,3,4,4,1,4,1,4,E,S,F,P
SYN-ESFP-017,ESFP,4,2,2,1,5,5,2,4,1,3,2,2,1,5,3,2,E,S,F,P
SYN-ESFP-018,ESFP,4,4,2,3,4,3,2,4,2,4,4,5,3,5,3,4,E,S,F,P
SYN-ESFP-019,ESFP,3,3,3,5,3,1,2,4,2,2,2,2,1,3,2,2,E,S,F,P
SYN-ESFP-020,ESFP,2,5,2,3,4,5,3,3,3,2,2,5,2,3,1,4,E,S,F,P
SYN-ESFP-021,ESFP,2,2,3,4,2,4,3,5,1,4,4,5,5,4,1,5,E,S,F,P
SYN-ESFP-022,ESFP,2,1,1,5,4,4,4,3,5,4,2,4,1,1,3,5,E,S,F,P
SYN-ESFP-023,ESFP,3,4,3,2,1,1,2,5,3,4,3,3,3,5,2,4,E,S,F,P
SYN-ESFP-024,ESFP,3,4,2,2,1,1,3,3,2,4,3,5,3,4,1,2,E,S,F,P
SYN-ESFP-025,ESFP,3,3,1,4,2,5,3,3,5,1,1,4,2,4,1,4,E,S,F,P
SYN-ESFP-026,ESFP,4,5,4,1,3,3,2,4,4,5,4,4,2,2,2,5,E,S,F,P
SYN-ESFP-027,ESFP,2,5,2,1,4,4,4,4,3,5,2,1,2,5,3,4,E,S,F,P
SYN-ESFP-028,ESFP,2,5,1,3,2,4,2,5,4,2,5,5,3,2,2,4,E,S,F,P
SYN-ESFP-029,ESFP,3,5,4,3,2,5,3,3,4,4,2,1,3,3,2,1,E,S,F,P
SYN-ESFP-030,ESFP,1,4,2,4,3,2,3,3,1,2,1,1,2,3,2,5,E,S,F,P
SYN-ESFP-031,ESFP,2,4,3,4,2,5,4,5,2,4,2,2,2,5,4,4,E,S,F,P
SYN-ESFP-032,ESFP,2,2,4,4,1,4,1,1,1,4,2,4,1,5,3,5,E,S,F,P
SYN-ESFP-033,ESFP,1,3,1,4,4,2,3,5,2,4,5,2,4,5,5,4,E,S,F,P
SYN-ESFP-034,ESFP,2,4,2,4,1,5,2,2,3,4,2,4,3,5,1,5,E,S,F,P
SYN-ESFP-035,ESFP,1,4,2,5,4,3,1,1,2,5,3,4,3,4,2,4,E,S,F,P
SYN-ESFP-036,ESFP,3,4,3,4,2,4,4,3,2,2,3,3,4,5,4,3,E,S,F,P
SYN-ESFP-037,ESFP,4,4,1,2,1,2,4,4,3,2,4,1,1,3,2,5,E,S,F,P
SYN-ESFP-038,ESFP,1,2,2,4,4,3,2,4,4,2,3,4,4,4,1,5,E,S,F,P
SYN-ESFP-039,ESFP,4,4,3,5,5,5,4,5,4,2,3,1,5,4,1,3,E,S,F,P
SYN-ESFP-040,ESFP,3,2,1,4,2,5,1,3,2,4,3,5,1,4,2,4,E,S,F,P
SYN-ESFP-041,ESFP,5,1,4,2,3,4,4,4,4,3,4,4,1,4,3,2,E,S,F,P
SYN-ESFP-042,ESFP,2,4,1,5,2,3,2,4,2,4,2,4,3,5,5,5,E,S,F,P
SYN-ESFP-043,ESFP,2,3,3,5,4,4,2,5,2,2,3,4,4,5,4,1,E,S,F,P
SYN-ESFP-044,ESFP,3,4,1,3,4,1,2,3,2,4,1,5,2,1,3,5,E,S,F,P
SYN-ESFP-045,ESFP,1,2,3,5,4,4,3,3,3,4,3,5,3,4,1,5,E,S,F,P
SYN-ESFP-046,ESFP,3,4,4,4,3,1,2,5,3,2,2,3,1,2,2,2,E,S,F,P
SYN-ESFP-047,ESFP,4,4,2,1,2,5,2,3,4,2,4,4,4,4,2,4,E,S,F,P
SYN-ESFP-048,ESFP,2,3,4,3,3,3,4,4,3,3,4,1,4,3,5,4,E,S,F,P
SYN-ESFP-049,ESFP,1,5,3,5,3,4,5,2,5,5,4,3,1,2,1,4,E,S,F,P
SYN-ESFP-050,ESFP,2,4,4,5,3,1,4,3,4,3,4,2,3,3,2,3,E,S,F,P
SYN-ESFP-051,ESFP,2,2,2,4,4,4,1,5,1,3,3,3,4,3,1,5,E,S,F,P
SYN-ESFP-052,ESFP,3,3,4,2,2,3,4,5,1,3,4,3,1,5,2,5,E,S,F,P
SYN-ESFP-053,ESFP,1,3,2,5,1,2,1,5,1,3,1,3,1,5,3,1,E,S,F,P
SYN-ESFP-054,ESFP,2,1,4,5,4,2,3,3,1,2,1,2,5,3,1,4,E,S,F,P
SYN-ESFP-055,ESFP,2,5,3,4,4,2,4,5,4,4,4,5,2,4,4,4,E,S,F,P
SYN-ESFP-056,ESFP,4,2,4,4,4,4,1,3,2,4,3,3,1,3,5,4,E,S,F,P
SYN-ESFP-057,ESFP,1,5,1,4,2,5,2,2,4,2,2,5,2,3,1,1,E,S,F,P
SYN-ESFP-058,ESFP,3,3,2,4,4,4,2,3,3,4,3,3,4,5,5,5,E,S,F,P
SYN-ESFP-059,ESFP,2,4,1,4,4,1,3,5,2,2,2,5,1,2,4,2,E,S,F,P
SYN-ESFP-060,ESFP,3,2,2,2,4,2,3,4,4,3,1,5,2,5,2,2,E,S,F,P
SYN-ESFP-061,ESFP,2,3,3,2,4,3,1,2,2,2,1,4,3,4,3,4,E,S,F,P
SYN-ESFP-062,ESFP,1,5,2,4,2,5,2,2,4,4,1,3,3,5,3,5,E,S,F,P
SYN-ESFP-063,ESFP,5,2,5,5,3,4,3,1,1,5,3,2,1,5,5,1,E,S,F,P
SYN-ESFP-064,ESFP,2,3,3,5,3,4,1,1,2,5,2,2,4,3,4,1,E,S,F,P
SYN-ESFP-065,ESFP,1,2,5,3,4,4,1,2,2,1,2,4,2,5,3,5,E,S,F,P
SYN-ESFP-066,ESFP,2,2,2,3,4,2,3,3,3,4,3,4,1,4,1,4,E,S,F,P
SYN-ESFP-067,ESFP,4,5,3,4,5,5,3,2,2,2,1,4,2,4,1,4,E,S,F,P
SYN-ESFP-068,ESFP,2,3,4,3,2,5,3,3,2,3,5,5,2,2,5,3,E,S,F,P
SYN-ESFP-069,ESFP,1,3,3,3,2,4,3,3,1,2,4,3,3,4,4,5,E,S,F,P
SYN-ESFP-070,ESFP,3,4,3,5,1,4,2,4,3,3,5,4,2,3,2,5,E,S,F,P
SYN-ESFP-071,ESFP,2,5,1,2,3,3,3,1,5,3,1,2,4,4,3,4,E,S,F,P
SYN-ESFP-072,ESFP,1,1,1,4,5,4,1,4,3,5,3,4,2,5,2,2,E,S,F,P
SYN-ESFP-073,ESFP,4,2,2,4,5,2,2,5,1,5,2,2,1,4,2,5,E,S,F,P
SYN-ESFP-074,ESFP,3,5,2,3,3,4,3,5,2,4,4,1,5,4,2,3,E,S,F,P
SYN-ESFP-075,ESFP,2,5,2,5,1,4,1,5,4,4,1,4,3,4,4,4,E,S,F,P
SYN-ESFP-076,ESFP,2,3,2,3,3,5,3,2,1,5,1,2,3,2,4,5,E,S,F,P
SYN-ESFP-077,ESFP,2,3,3,5,3,3,2,2,3,3,1,2,2,4,1,3,E,S,F,P
SYN-ESFP-078,ESFP,2,5,3,4,4,3,3,4,2,2,3,5,2,5,5,3,E,S,F,P
SYN-ESFP-079,ESFP,2,2,3,4,5,3,1,5,1,4,2,4,3,4,2,5,E,S,F,P
SYN-ESFP-080,ESFP,1,3,3,1,1,1,1,5,5,4,5,5,3,5,3,5,E,S,F,P
SYN-ESTJ-001,ESTJ,5,5,2,4,4,5,2,5,3,1,2,3,4,3,5,3,E,S,T,J
SYN-ESTJ-002,ESTJ,2,5,2,3,5,1,4,5,4,2,4,3,4,3,5,3,E,S,T,J
SYN-ESTJ-003,ESTJ,1,3,3,5,3,5,4,3,1,1,4,1,5,1,3,2,E,S,T,J
SYN-ESTJ-004,ESTJ,2,5,4,3,4,5,1,2,4,1,4,1,5,1,4,2,E,S,T,J
SYN-ESTJ-005,ESTJ,4,3,2,5,4,4,1,4,5,2,4,1,3,1,4,1,E,S,T,J
SYN-ESTJ-006,ESTJ,1,3,2,1,2,1,1,3,2,5,5,4,4,4,3,4,E,S,T,J
SYN-ESTJ-007,ESTJ,3,5,4,3,5,3,1,5,5,3,3,4,4,4,2,3,E,S,T,J
SYN-ESTJ-008,ESTJ,2,5,1,4,1,3,1,4,5,4,2,2,5,3,1,4,E,S,T,J
SYN-ESTJ-009,ESTJ,4,2,2,4,4,5,1,3,2,4,5,3,4,4,5,5,E,S,T,J
SYN-ESTJ-010,ESTJ,3,2,2,2,2,4,2,5,5,1,4,2,5,1,4,3,E,S,T,J
SYN-ESTJ-011,ESTJ,3,3,3,1,2,4,1,4,4,3,5,3,2,2,5,4,E,S,T,J
SYN-ESTJ-012,ESTJ,2,3,4,5,1,4,3,5,3,3,4,2,4,5,4,2,E,S,T,J
SYN-ESTJ-013,ESTJ,1,4,3,3,1,4,4,4,3,4,4,1,4,2,4,4,E,S,T,J
SYN-ESTJ-014,ESTJ,3,2,1,4,2,4,2,4,4,3,4,2,5,1,5,4,E,S,T,J
SYN-ESTJ-015,ESTJ,2,4,3,3,3,1,4,3,3,1,5,5,4,4,3,4,E,S,T,J
SYN-ESTJ-016,ESTJ,3,2,4,3,3,1,3,4,3,3,4,4,3,1,4,1,E,S,T,J
SYN-ESTJ-017,ESTJ,3,2,5,2,3,3,2,3,3,1,3,2,4,2,5,1,E,S,T,J
SYN-ESTJ-018,ESTJ,1,5,3,5,1,3,2,4,3,3,5,1,3,1,5,5,E,S,T,J
SYN-ESTJ-019,ESTJ,1,5,4,5,3,4,5,5,3,2,2,3,4,3,4,3,E,S,T,J
SYN-ESTJ-020,ESTJ,3,4,3,3,2,3,3,2,5,2,3,3,5,4,4,1,E,S,T,J
SYN-ESTJ-021,ESTJ,4,4,2,2,3,5,2,4,5,3,2,1,3,3,4,2,E,S,T,J
SYN-ESTJ-022,ESTJ,1,3,3,2,3,3,1,3,4,3,2,3,4,4,4,1,E,S,T,J
SYN-ESTJ-023,ESTJ,2,4,1,4,2,4,2,1,4,2,5,1,2,2,3,2,E,S,T,J
SYN-ESTJ-024,ESTJ,3,5,1,2,1,4,1,5,3,4,3,5,5,1,4,4,E,S,T,J
SYN-ESTJ-025,ESTJ,1,1,3,5,2,2,3,1,4,1,5,3,1,1,5,3,E,S,T,J
SYN-ESTJ-026,ESTJ,1,3,2,2,5,5,2,4,1,2,4,1,5,4,2,4,E,S,T,J
SYN-ESTJ-027,ESTJ,1,3,2,4,3,2,3,1,5,3,3,1,3,3,4,4,E,S,T,J
SYN-ESTJ-028,ESTJ,3,1,2,4,3,5,4,3,2,1,2,2,4,5,2,1,E,S,T,J
SYN-ESTJ-029,ESTJ,2,4,3,5,3,5,2,4,4,4,2,4,4,2,4,3,E,S,T,J
SYN-ESTJ-030,ESTJ,3,4,4,4,3,3,3,4,4,2,5,2,4,2,5,2,E,S,T,J
SYN-ESTJ-031,ESTJ,5,1,1,5,3,5,3,3,3,1,4,1,3,3,3,3,E,S,T,J
SYN-ESTJ-032,ESTJ,2,4,4,2,3,4,3,4,2,3,5,3,3,2,5,4,E,S,T,J
SYN-ESTJ-033,ESTJ,1,4,1,5,2,5,4,4,3,2,2,2,4,3,2,2,E,S,T,J
SYN-ESTJ-034,ESTJ,1,5,4,4,3,5,4,1,2,3,2,2,4,4,3,2,E,S,T,J
SYN-ESTJ-035,ESTJ,2,5,3,5,3,5,3,2,5,2,3,2,3,1,5,4,E,S,T,J
SYN-ESTJ-036,ESTJ,5,3,2,5,3,4,3,4,5,4,3,2,4,3,3,2,E,S,T,J
SYN-ESTJ-037,ESTJ,4,5,1,5,2,3,3,3,3,2,1,2,2,4,5,1,E,S,T,J
SYN-ESTJ-038,ESTJ,1,5,2,4,2,5,4,5,5,1,2,2,3,1,1,1,E,S,T,J
SYN-ESTJ-039,ESTJ,1,4,1,4,2,2,4,3,2,1,3,3,1,1,2,3,E,S,T,J
SYN-ESTJ-040,ESTJ,1,5,2,5,1,4,1,3,4,2,3,2,2,4,5,2,E,S,T,J
SYN-ESTJ-041,ESTJ,1,3,4,2,5,4,3,5,5,1,3,4,3,2,5,1,E,S,T,J
SYN-ESTJ-042,ESTJ,2,5,4,5,3,1,3,5,5,4,5,1,4,3,3,2,E,S,T,J
SYN-ESTJ-043,ESTJ,4,3,1,4,3,3,1,4,3,3,4,4,4,2,1,2,E,S,T,J
SYN-ESTJ-044,ESTJ,3,4,2,4,5,2,2,2,4,3,5,2,4,2,2,5,E,S,T,J
SYN-ESTJ-045,ESTJ,2,3,3,3,4,4,1,3,2,5,2,2,3,2,4,3,E,S,T,J
SYN-ESTJ-046,ESTJ,3,2,2,5,2,3,1,2,2,1,4,3,2,1,2,3,E,S,T,J
SYN-ESTJ-047,ESTJ,1,2,3,4,3,2,1,2,4,3,3,3,4,2,4,1,E,S,T,J
SYN-ESTJ-048,ESTJ,1,5,1,3,1,3,2,2,4,1,5,4,3,4,3,3,E,S,T,J
SYN-ESTJ-049,ESTJ,4,5,2,4,1,3,1,4,3,3,5,4,2,4,2,2,E,S,T,J
SYN-ESTJ-050,ESTJ,3,4,3,2,1,4,4,3,4,1,2,3,3,2,2,1,E,S,T,J
SYN-ESTJ-051,ESTJ,2,5,2,5,3,5,5,1,2,1,5,1,3,3,4,4,E,S,T,J
SYN-ESTJ-052,ESTJ,3,4,4,3,2,4,3,5,4,5,5,1,4,4,3,2,E,S,T,J
SYN-ESTJ-053,ESTJ,4,2,1,2,1,5,1,3,5,4,3,3,3,4,3,2,E,S,T,J
SYN-ESTJ-054,ESTJ,2,5,4,4,1,4,2,1,5,5,4,2,1,4,3,3,E,S,T,J
SYN-ESTJ-055,ESTJ,1,4,3,5,4,4,3,3,2,2,4,5,4,1,3,2,E,S,T,J
SYN-ESTJ-056,ESTJ,1,4,2,5,1,3,1,5,3,2,4,2,5,2,5,2,E,S,T,J
SYN-ESTJ-057,ESTJ,3,5,2,2,3,2,5,3,1,2,5,2,5,3,4,3,E,S,T,J
SYN-ESTJ-058,ESTJ,5,4,4,2,2,4,2,5,4,1,4,2,4,3,4,1,E,S,T,J
SYN-ESTJ-059,ESTJ,3,3,1,1,3,4,3,4,4,2,5,1,4,1,5,3,E,S,T,J
SYN-ESTJ-060,ESTJ,2,3,2,3,1,4,3,4,2,2,5,1,3,4,5,4,E,S,T,J
SYN-ESTJ-061,ESTJ,4,4,4,3,3,5,1,3,2,3,4,3,2,5,4,1,E,S,T,J
SYN-ESTJ-062,ESTJ,2,5,4,5,4,5,1,3,4,2,4,1,4,1,5,3,E,S,T,J
SYN-ESTJ-063,ESTJ,1,4,4,5,5,3,2,4,4,5,5,1,4,2,5,2,E,S,T,J
SYN-ESTJ-064,ESTJ,1,5,2,1,3,3,4,3,5,1,4,2,4,5,2,3,E,S,T,J
SYN-ESTJ-065,ESTJ,2,4,1,3,2,3,3,4,5,3,5,1,4,3,1,4,E,S,T,J
SYN-ESTJ-066,ESTJ,2,3,1,3,3,4,3,3,4,4,4,2,2,4,2,1,E,S,T,J
SYN-ESTJ-067,ESTJ,4,1,3,5,2,5,1,3,5,4,3,3,5,2,4,1,E,S,T,J
SYN-ESTJ-068,ESTJ,1,2,2,4,2,4,2,3,4,3,5,2,2,4,4,4,E,S,T,J
SYN-ESTJ-069,ESTJ,1,3,2,3,4,5,3,2,5,2,5,1,3,3,4,3,E,S,T,J
SYN-ESTJ-070,ESTJ,3,2,3,3,4,4,5,4,5,3,4,1,5,4,3,4,E,S,T,J
SYN-ESTJ-071,ESTJ,1,5,1,4,3,4,2,4,2,3,4,3,4,3,3,2,E,S,T,J
SYN-ESTJ-072,ESTJ,4,3,4,3,1,1,3,4,4,2,3,1,5,3,4,3,E,S,T,J
SYN-ESTJ-073,ESTJ,4,4,4,5,5,5,2,5,5,2,1,2,1,1,5,4,E,S,T,J
SYN-ESTJ-074,ESTJ,5,3,5,3,4,1,2,4,5,5,3,4,4,1,1,2,E,S,T,J
SYN-ESTJ-075,ESTJ,4,5,2,3,2,4,5,2,3,2,3,1,4,1,4,3,E,S,T,J
SYN-ESTJ-076,ESTJ,1,5,3,1,5,4,3,4,5,4,3,4,4,3,3,1,E,S,T,J
SYN-ESTJ-077,ESTJ,5,2,4,2,2,5,2,4,5,5,4,3,4,1,1,3,E,S,T,J
SYN-ESTJ-078,ESTJ,2,4,1,1,2,4,3,4,2,1,2,1,4,5,5,3,E,S,T,J
SYN-ESTJ-079,ESTJ,1,4,2,2,2,3,4,5,3,3,2,2,3,3,1,2,E,S,T,J
SYN-ESTJ-080,ESTJ,3,3,2,2,4,3,1,5,5,3,4,5,5,4,1,3,E,S,T,J
SYN-ESFJ-001,ESFJ,2,2,2,4,2,2,3,3,1,5,3,3,3,4,4,1,E,S,F,J
SYN-ESFJ-002,ESFJ,4,4,4,2,5,4,4,5,2,4,4,4,3,4,3,4,E,S,F,J
SYN-ESFJ-003,ESFJ,2,3,2,5,2,5,3,2,2,5,4,2,4,3,4,3,E,S,F,J
SYN-ESFJ-004,ESFJ,1,5,3,5,1,2,5,3,3,5,3,5,1,4,3,4,E,S,F,J
SYN-ESFJ-005,ESFJ,4,5,2,5,3,2,2,4,3,3,4,5,3,2,5,4,E,S,F,J
SYN-ESFJ-006,ESFJ,2,4,3,5,3,5,3,5,2,5,3,5,4,4,3,2,E,S,F,J
SYN-ESFJ-007,ESFJ,1,5,3,4,1,2,1,3,3,2,1,4,3,3,5,1,E,S,F,J
SYN-ESFJ-008,ESFJ,2,5,3,4,2,5,3,4,1,2,2,2,3,2,5,3,E,S,F,J
SYN-ESFJ-009,ESFJ,4,5,3,5,3,4,1,3,3,5,4,2,2,3,5,1,E,S,F,J
SYN-ESFJ-010,ESFJ,4,5,5,3,3,3,4,4,1,5,2,4,2,2,2,2,E,S,F,J
SYN-ESFJ-011,ESFJ,1,3,1,5,4,4,4,3,2,3,4,4,3,1,2,3,E,S,F,J
SYN-ESFJ-012,ESFJ,1,3,2,5,1,3,3,5,1,2,2,3,4,2,5,2,E,S,F,J
SYN-ESFJ-013,ESFJ,3,5,4,4,3,1,1,3,2,4,2,5,1,4,2,5,E,S,F,J
SYN-ESFJ-014,ESFJ,1,4,2,5,1,4,5,4,3,5,2,3,5,4,2,3,E,S,F,J
SYN-ESFJ-015,ESFJ,3,4,2,4,3,4,4,5,2,4,2,5,5,1,4,4,E,S,F,J
SYN-ESFJ-016,ESFJ,2,3,1,3,3,4,2,2,3,3,1,5,3,2,1,1,E,S,F,J
SYN-ESFJ-017,ESFJ,2,1,1,4,2,2,2,4,4,5,2,4,3,1,4,3,E,S,F,J
SYN-ESFJ-018,ESFJ,3,1,2,5,2,3,2,4,4,3,2,5,5,3,2,1,E,S,F,J
SYN-ESFJ-019,ESFJ,2,4,2,5,4,3,1,4,1,4,4,3,5,1,2,2,E,S,F,J
SYN-ESFJ-020,ESFJ,2,3,2,5,1,5,3,5,1,4,2,2,4,3,5,2,E,S,F,J
SYN-ESFJ-021,ESFJ,4,5,1,2,5,4,2,4,2,1,2,3,5,4,2,2,E,S,F,J
SYN-ESFJ-022,ESFJ,2,3,4,4,1,4,4,4,1,3,5,4,3,4,4,1,E,S,F,J
SYN-ESFJ-023,ESFJ,2,2,1,1,2,5,1,3,4,5,1,4,5,2,3,3,E,S,F,J
SYN-ESFJ-024,ESFJ,4,4,1,1,2,5,5,3,1,4,4,3,3,4,5,2,E,S,F,J
SYN-ESFJ-025,ESFJ,3,4,4,5,4,4,2,2,2,4,4,5,2,4,2,3,E,S,F,J
SYN-ESFJ-026,ESFJ,2,5,4,3,1,2,3,4,2,4,4,5,1,3,2,2,E,S,F,J
SYN-ESFJ-027,ESFJ,5,4,4,2,1,3,2,4,4,3,4,3,3,3,1,2,E,S,F,J
SYN-ESFJ-028,ESFJ,4,1,4,5,2,3,3,5,3,4,2,4,4,2,4,2,E,S,F,J
SYN-ESFJ-029,ESFJ,4,3,2,5,4,4,4,4,2,5,5,3,4,1,5,3,E,S,F,J
SYN-ESFJ-030,ESFJ,3,3,4,5,3,3,1,1,3,3,4,4,4,4,3,4,E,S,F,J
SYN-ESFJ-031,ESFJ,3,4,1,5,5,5,2,3,4,2,2,3,2,2,3,1,E,S,F,J
SYN-ESFJ-032,ESFJ,2,5,2,2,1,3,4,2,1,4,1,2,1,1,3,2,E,S,F,J
SYN-ESFJ-033,ESFJ,3,3,3,3,1,3,4,4,1,2,2,3,2,2,5,2,E,S,F,J
SYN-ESFJ-034,ESFJ,2,5,2,3,4,1,4,5,4,5,4,4,3,1,2,2,E,S,F,J
SYN-ESFJ-035,ESFJ,2,3,2,3,1,5,3,4,2,2,1,3,2,3,2,4,E,S,F,J
SYN-ESFJ-036,ESFJ,1,5,1,4,1,5,4,5,4,5,4,4,2,1,2,1,E,S,F,J
SYN-ESFJ-037,ESFJ,1,3,3,5,3,1,5,3,5,5,3,5,4,4,2,1,E,S,F,J
SYN-ESFJ-038,ESFJ,2,5,5,4,3,5,2,4,1,3,3,5,3,2,1,2,E,S,F,J
SYN-ESFJ-039,ESFJ,3,5,3,4,3,2,1,4,1,2,1,2,4,2,4,3,E,S,F,J
SYN-ESFJ-040,ESFJ,2,1,4,3,1,3,2,2,2,4,3,5,5,1,3,3,E,S,F,J
SYN-ESFJ-041,ESFJ,1,2,1,5,1,2,4,4,1,4,4,4,4,2,5,4,E,S,F,J
SYN-ESFJ-042,ESFJ,4,2,2,2,1,4,1,2,1,4,3,4,5,2,4,3,E,S,F,J
SYN-ESFJ-043,ESFJ,3,4,2,4,3,4,5,4,2,4,4,2,2,3,2,4,E,S,F,J
SYN-ESFJ-044,ESFJ,1,4,4,5,3,3,2,5,5,3,4,3,1,1,4,2,E,S,F,J
SYN-ESFJ-045,ESFJ,1,2,2,2,4,4,1,3,2,3,2,4,4,2,2,3,E,S,F,J
SYN-ESFJ-046,ESFJ,2,4,3,5,4,1,4,3,1,4,1,4,2,2,3,2,E,S,F,J
SYN-ESFJ-047,ESFJ,3,4,4,4,4,4,1,4,2,2,1,4,5,3,3,2,E,S,F,J
SYN-ESFJ-048,ESFJ,2,3,5,4,5,3,2,5,3,3,1,3,2,3,5,1,E,S,F,J
SYN-ESFJ-049,ESFJ,2,3,3,3,4,4,3,3,2,4,5,3,1,3,3,3,E,S,F,J
SYN-ESFJ-050,ESFJ,4,2,5,4,1,4,4,1,3,3,1,4,2,2,3,2,E,S,F,J
SYN-ESFJ-051,ESFJ,2,3,4,4,3,5,4,4,5,4,2,2,3,3,3,4,E,S,F,J
SYN-ESFJ-052,ESFJ,2,5,3,5,3,2,1,2,3,2,5,4,4,1,4,3,E,S,F,J
SYN-ESFJ-053,ESFJ,2,1,2,4,3,4,2,2,4,3,3,3,4,2,4,1,E,S,F,J
SYN-ESFJ-054,ESFJ,2,5,1,4,1,1,4,3,1,2,4,2,5,3,3,2,E,S,F,J
SYN-ESFJ-055,ESFJ,1,3,2,4,1,4,2,4,3,5,2,4,4,3,2,1,E,S,F,J
SYN-ESFJ-056,ESFJ,3,3,1,5,1,3,2,2,2,3,4,5,2,3,2,3,E,S,F,J
SYN-ESFJ-057,ESFJ,3,4,2,4,1,2,5,3,2,5,3,5,4,3,3,3,E,S,F,J
SYN-ESFJ-058,ESFJ,1,2,2,3,2,5,4,4,3,3,1,5,5,3,4,4,E,S,F,J
SYN-ESFJ-059,ESFJ,4,5,2,2,3,2,1,3,2,3,2,5,2,5,3,3,E,S,F,J
SYN-ESFJ-060,ESFJ,3,3,4,3,3,3,2,2,3,4,2,3,1,2,2,3,E,S,F,J
SYN-ESFJ-061,ESFJ,3,3,3,5,2,5,1,4,3,4,1,1,3,3,2,2,E,S,F,J
SYN-ESFJ-062,ESFJ,2,3,2,4,3,4,1,3,4,1,1,5,2,2,4,1,E,S,F,J
SYN-ESFJ-063,ESFJ,4,3,3,5,1,4,4,3,3,2,5,1,5,1,1,1,E,S,F,J
SYN-ESFJ-064,ESFJ,3,3,2,2,3,4,3,4,5,4,2,2,4,2,2,3,E,S,F,J
SYN-ESFJ-065,ESFJ,2,4,3,3,1,3,3,2,2,5,2,1,5,2,2,3,E,S,F,J
SYN-ESFJ-066,ESFJ,3,3,5,2,3,3,1,4,5,2,4,5,4,3,5,4,E,S,F,J
SYN-ESFJ-067,ESFJ,2,3,3,4,1,4,3,4,3,5,2,5,3,3,1,2,E,S,F,J
SYN-ESFJ-068,ESFJ,2,2,1,1,2,4,1,3,2,5,1,4,1,3,4,2,E,S,F,J
SYN-ESFJ-069,ESFJ,4,3,4,5,5,3,2,5,5,5,2,5,3,4,2,1,E,S,F,J
SYN-ESFJ-070,ESFJ,1,5,1,5,2,5,3,4,2,3,2,3,2,2,1,1,E,S,F,J
SYN-ESFJ-071,ESFJ,3,4,2,3,2,5,2,5,4,2,5,5,5,1,3,1,E,S,F,J
SYN-ESFJ-072,ESFJ,1,4,4,3,2,3,2,5,2,2,1,5,4,3,4,1,E,S,F,J
SYN-ESFJ-073,ESFJ,2,3,2,3,4,2,3,4,4,4,4,3,4,3,5,1,E,S,F,J
SYN-ESFJ-074,ESFJ,2,2,5,3,1,2,2,2,2,5,1,3,5,4,4,1,E,S,F,J
SYN-ESFJ-075,ESFJ,1,3,2,2,2,4,5,3,2,1,1,2,1,3,4,4,E,S,F,J
SYN-ESFJ-076,ESFJ,2,2,1,4,2,3,2,4,3,4,4,5,5,4,5,1,E,S,F,J
SYN-ESFJ-077,ESFJ,4,4,2,3,4,4,2,3,2,5,2,2,5,2,3,1,E,S,F,J
SYN-ESFJ-078,ESFJ,2,4,4,5,1,3,3,2,2,4,3,2,4,3,4,5,E,S,F,J
SYN-ESFJ-079,ESFJ,3,2,2,3,4,4,4,3,4,2,2,3,4,4,5,3,E,S,F,J
SYN-ESFJ-080,ESFJ,1,5,1,4,2,2,1,1,4,4,1,4,5,1,3,3,E,S,F,J
